committee_date,committee,agenda
2016-10-31,2007904,סדרי הדיון המשולב להודעת ראש הממשלה בפתיחת המושב השלישי של הכנסת ה-20 ולהצעות להביע אי-אמון בממשלה
2016-11-01,2008115,"א. מועדי הדיון לשעת שאלות בכנס החורף הנוכחי, התשע""ז-2016

ב. סדרי הדיון בקריאה הראשונה בהצעות החוק המפורטות להלן:

1. הצעת חוק יסוד: משק המדינה (תיקון מס' 9) (מ/1081).

2. הצעת חוק התקציב לשנות הכספים 2017 ו-2018, התשע""ז-2016 (מ/1082).

3. הצעת חוק התכנית הכלכלית (תיקוני חקיקה ליישום המדיניות הכלכלית לשנות התקציב 2017 ו-2018), התשע""ז-2016 (מ/1083).

4. הצעת חוק ההתייעלות הכלכלית (תיקוני חקיקה להשגת יעדי התקציב לשנות 2017

ו-2018), התשע""ז-2016 (מ/1083).

5. הצעת חוק הפחתת הגירעון והגבלת ההוצאה התקציבית (תיקון מס' 16) (שיעור הגירעון וסכום ההוצאה הממשלתית בשנות התקציב 20017 ואילך), התשע""ז-2016 (מ/1083).

ג. בקשת יושב ראש ועדת הכלכלה למיזוג הצעות החוק הבאות:

1. הצעת חוק המכר (דירות) (תיקון מס' 9), התשע""ו-2016 (מ/1077).

2. הצעת חוק המכר (דירות) (תיקון-זכות החלפת מתחזק מעלית), התשע""ה-2015 (פ/1502/20).

3. הצעת חוק המכר (דירות) (תיקון – פרטי המפרט), התשע""ו-2016 (פ/2739/20).

4. הצעת חוק המכר (דירות) (תיקון – חובת מסירת תכניות הדירה לקונה), התשע""ו-2016 (פ/2990/20).

ד. בקשת יו""ר ועדת החוקה, חוק ומשפט למיזוג הצעות החוק הבאות לפי סעיף 84(ד) לתקנון:

1. הצעת חוק הפחתת תוספות פיגור שנוספו על קנסות הנגבים בידי המרכז לגביית קנסות, אגרות והוצאות (הוראת שעה), התשע""ו-2016 (מ/1070).

2.הצעת חוק הפחתת תוספות פיגור שהתווספו על קנסות פליליים ומנהליים (הוראת שעה), התשע""ו-2016 (פ/3200/20) של חה""כ אוסאמה סעדי וקבוצת חברי כנסת נוספים."
2016-11-07,2008265,"א. בקשת יושב-ראש ועדת הכנסת להעברת הצעות החוק הבאות מוועדת הכספים לוועדת הכנסת:

1. הצעת חוק התכנית הכלכלית (תיקוני חקיקה ליישום המדיניות הכלכלית לשנות התקציב 2017 ו-2018), התשע""ז-2016 (מ/1083).

2. הצעת חוק ההתייעלות הכלכלית (תיקוני חקיקה להשגת יעדי התקציב לשנות 2017 ו-2018), התשע""ז-2016 (מ/1083).

3. הצעת חוק יסוד: משק המדינה (תיקון מס' 9) (מ/1081).

ב. בקשת יושב-ראש ועדת הכספים למיזוג הצעות החוק הבאות:

א. הצעת חוק לעידוד השקעה באנרגיות מתחדשות (הטבות מס בשל הפקת חשמל מאנרגיה מתחדשת - הוראת שעה), התשע""ו-2016 (מ/1076).

ב. הצעת חוק לעידוד הקמת מתקנים להפקת אנרגיה מתחדשת (פטור ממס), התשע""ו-2016 (פ/3212/20)."
2016-11-07,2008505,פיצול וקביעת ועדות לדיון בהצעות החוק הנלוות לחוק התקציב
2016-11-09,2008610,"1. בחירת ממלא מקום ליו""ר הכנסת בעת העדרו מהארץ

2. מועדי הכנסים במושב השלישי ופתיחת המושב הרביעי של הכנסת העשרים – אוקטובר 2016 עד אוקטובר 2017

3. הצעת חוק ההתייעלות הכלכלית (תיקוני חקיקה להשגת יעדי התקציב לשנות 2017"
2016-11-16,2009084,"א. קביעת ועדות לדיון בפרקים הבאים מתוך הצ""ח ההתייעלות הכלכלית (תיקוני חקיקה להשגת יעדי התקציב לשנות 2017 ו- 2018, התשע""ז-2016 (מ/1083):

1. פרק ה', סעיפים 30 עד 41 (עקרונות לקביעת תקציב הביטחון).

2. פרק י""ב (שונות), סעיפים 117 ו-118 (מימון בחירות ברשויות המקומיות).

ב. בקשת חה""כ עפר שלח להעברת הצעת חוק אמות המידה לזכאות לסיוע מאגפי השיקום והמשפחות במשרד הביטחון (תיקוני חקיקה), התשע""ה- 2015 (פ/281/20), מוועדת העבודה הרווחה והבריאות לדיון בוועדה המשותפת של ועדת החוץ והביטחון וועדת העבודה הרווחה והבריאות הדנה בחוק ההסדרים.

ג. בקשת יו""ר ועדת החוקה חוק ומשפט למיזוג הצעות החוק הבאות בהתאם לסעיף 84(ד) לתקנון הכנסת :

1. הצעת חוק העונשין (תיקון מס' 129), התשע""ו-2016 (מ/1079).

2. הצעת חוק העונשין (תיקון – החמרת הענישה לגבי קבלת שירותי זנות מקטין), התשע""ו-2016 (פ/2548/20), של חה""כ יפעת שאשא ביטון וקבוצת חברי כנסת."
2016-11-21,2009156,"1. הצעת חה""כ יואב קיש, יושב ראש ועדת הכנסת, לתיקון כללי האתיקה לחברי הכנסת בעניין ""איסור פרסום קריאה להטלת חרם על מדינת ישראל"".

2. קביעת ועדה לדיון בהצעות החוק הבאות:

א. הצעת חוק ההסדרה, התשע""ה–2015

ב. הצעת חוק ההסדרה, התשע''ו- 2016

ג. הצעת חוק להסדרת התיישבות ביהודה והשומרון, התשע""ז-2016

3. קביעת ועדה לדיון בפרק י""ב (שונות), סעיפים 117 ו-118 (מימון בחירות ברשויות המקומיות) מתוך הצ""ח ההתייעלות הכלכלית (תיקוני חקיקה להשגת יעדי התקציב לשנות 2017 ו- 2018, התשע""ז-2016 (מ/1083)."
2016-11-21,2009411,"1. הצעת חוק ההסדרה, התשע""ה–2015

2. הצעת חוק ההסדרה, התשע''ו- 2016

3. הצעת חוק להסדרת התיישבות ביהודה והשומרון, התשע""ז-2016"
2016-12-07,2009443,אישור תקציב הכנסת לשנות התקציב 2017 ו-2018
2016-12-06,2009761,"העסקת אנשים עם מוגבלות בכנסת, במסגרת ציון היום הבינלאומי לזכויות אנשים עם מוגבלות"
2016-12-06,2010022,"א. בקשת יו""ר ועדת העבודה, הרווחה והבריאות למיזוג הצעת חוק לפי סעיף 84(ד) לתקנון הכנסת:

הצעת חוק ההתייעלות הכלכלית (תיקוני חקיקה להשגת יעדי התקציב לשנות התקציב 2017 ו-2018), התשע""ז-2016 (מ/1083).

הצעת חוק הביטוח הלאומי (תיקון – דמי אבטלה לעצמאים), התשע""ה-2015 (פ/666/20).

הצעת חוק הביטוח הלאומי (תיקון – דמי אבטלה לעצמאים), התשע""ה-2015 (פ/1221/20).

הצעת חוק פנסיה חובה לעצמאים, התשע""ה-2015 (פ/1986/20)

הצעת חוק הביטוח הלאומי (תיקון – דמי אבטלה לעצמאים), התשע""ה-2015 (פ/670/20).

הצעת חוק הביטוח הלאומי (תיקון – דמי אבטלה לעצמאים), התשע""ה-2015 (פ/1306/20).

ב. בקשות יו""ר ועדת הכספים למיזוג הצעות חוק לפי סעיף 84(ד) לתקנון הכנסת:

(א) 1. הצעת חוק ההתייעלות הכלכלית (תיקוני חקיקה להשגת יעדי התקציב לשנות התקציב 2017 ו-2018), התשע""ז-2016 (מ/1083), שזה חוק ההסדרים.

 2. הצעת חוק לתיקון פקודת מס הכנסה (נקודת זיכוי ליחיד שסיים לימודי מקצוע), התשע""ו-2015 (פ/2180/20).

 3. הצעת חוק לתיקון פקודת מס הכנסה (נקודת זיכוי ליחיד שסיים לימודי מקצוע), התשע""ו-2015 (פ/2202/20).

(ב) 1. הצעת חוק סיוע כלכלי ללומדי תורה נזקקים, התשע""ו-2016 (מ/1075).

 2. הצעת חוק הבטחת הכנסה (תיקון – גמלה לתלמיד), התשע""ה-2015 (פ/1618/20).

ג. בקשת חה""כ ישראל אייכלר להעברת הצעת חוק ההוצאה לפועל (תיקון ביטול האפשרות לצוות על עיכוב יציאה מהארץ בגין חוב כספי נמוך), התשע""ה-2015 (פ/814/20), מוועדת החוקה, חוק ומשפט לדיון בוועדת הכספים."
2016-12-05,2010186,"בקשת הממשלה להקדמת הדיון בהצעת חוק, לפני הקריאה ראשונה"
2016-12-05,2010281,
2016-12-05,2010287,"קביעת ועדה לדיון בהצעת חוק הסדרת ההתיישבות ביהודה והשומרון, התשע""ז-2016 (פ/3459/20)"
2016-12-05,2010295,"הצעת חוק להסדרת ההתיישבות ביהודה והשומרון, התשע""ז-2016 – רביזיה"
2016-12-07,2010402,"פניית יו""ר ועדת הכלכלה בדבר טענת חריגה מגדר נושא הצעת חוק התכנית הכלכלית (תיקוני חקיקה ליישום המדיניות הכלכלית לשנות התקציב 2017 ו- 2018), התשע""ז-2016 (פרק ח'-תקשורת), הנדונה בוועדת הכלכלה."
2016-12-12,2010559,"1. כללי האתיקה בנוגע לנסיעות חברי הכנסת לחו""ל

2. פרק ד' כולו (קרן לצמצום פערים בין רשויות מקומיות), מתוך הצעת חוק ההתייעלות הכלכלית (תיקוני חקיקה להשגת יעדי התקציב לשנות 2017 ו-2018), התשע""ז-2016

3. פרק ז' כולו (עידוד השקעות הון), מתוך הצעת חוק ההתייעלות הכלכלית (תיקוני חקיקה להשגת יעדי התקציב לשנות 2017 ו-2018), התשע""ז-2016

4. הצעת חוק לתיקון פקודת מסי העירייה ומסי הממשלה (פטורין) (ערים קולטות עלייה), התשע""ו-2016

5. הצעת חוק לעידוד השקעות הון (תיקון - עידוד השקעות זרות בישראל), התשע""ו-2016"
2016-12-14,2010909,"בקשת יו""ר ועדת הכספים, להעברת פרק ח' סימן ג' (מיסוי חברי קיבוץ) לחוק ההתייעלות הכלכלית (תיקוני חקיקה להשגת יעדי התקציב 2017 ו-2018), התשע""ז-2016 מוועדת הכספים לוועדה המיוחדת לצדק חלוקתי ולשוויון חברתי - לפי סעיף 83(ג) לתקנון"
2016-12-26,2010967,"1. מחקר מרכז המחקר והמידע חושף כי רוב משרדי הממשלה נכשלים באופן מוחלט במענה לשאילתות – נדרשת רפורמה בנושא;

2. בקשת הממשלה לפטור מחובת הנחה של הצעת חוק השידור הציבורי הישראלי;

3. בקשת יושב ראש ועדת הפנים והגנת הסביבה להקדמת הדיון בהצעת חוק לתיקון פקודת מס הכנסה (מס 229) (פטור ממס לרשות מקומית על הכנסה מדיבידנד או מריבית והפרשי הצמדה מאת תאגיד מים וביוב), התשע""ז-2016;

4. חילופי אישים בוועדה המשותפת לוועדת החוקה, חוק ומשפט, ועדת הפנים והגנת הסביבה וועדת המדע והטכנולוגיה, בהתאם לחוק אמצעי זיהוי ביומטריים ונתוני זיהוי ביומטריים במסמכי זיהוי ובמאגר מידע, התש""ע-2009;

5. משלחות פרלמנטריות של חברי הכנסת - פניית חבר הכנסת דוד אמסלם."
2016-12-19,2011003,"א. סדרי הדיון בקריאה השניה והשלישית בהצעות החוק הבאות:

1. הצעת חוק התקציב לשנות הכספים 2017-2018, התשע""ז-2016 (מ/1082)

2. הצעת חוק התכנית הכלכלית (תיקוני חקיקה ליישום המדיניות הכלכלית לשנות התקציב 2017 ו-2018), התשע""ז-2016 (מ/1083).

3. הצעת חוק ההתייעלות הכלכלית (תיקוני חקיקה להשגת יעדי התקציב לשנות התקציב 2017 ו-2018), התשע""ז-2016 (מ/1083).

ב. קביעת מועדים לשעת שאלות במושב הקרוב, לפי סעיף 50א לתקנון.

ג. ישיבה מיוחדת לציון 68 שנים לכינון הכנסת בט""ו בשבט – בקשת יושב-ראש הכנסת לאשר לנשיא המדינה לשאת דברים בישיבה זו.

ד. בקשת יו""ר ועדת החוץ והביטחון להעברת פרק י' (תשתיות להולכה ולאחסון של נפט) מתוך הצעת חוק ההתייעלות הכלכלית (תיקוני חקיקה להשגת יעדי התקציב לשנות התקציב 2017 ו-2018), התשע""ז-2016, מוועדת החוץ והביטחון לדיון בוועדת הכספים.

ה. בקשת הממשלה להקדמת הדיון בהצעות החוק הבאות, לפני הקריאה הראשונה:

1. הצעת חוק הכללת אמצעי זיהוי ביומטריים ונתוני זיהוי ביומטריים במסמכי זיהוי ובמאגר מידע (תיקון והוראת שעה), התשע""ז-2016 (מ/1100)

2. הצעת חוק לתיקון פקודת מס הכנסה (מ' 229) (פטור ממס לרשות מקומית על הכנסה מדיבידנד או מריבית והפרשי הצמדה מאת תאגיד מים וביוב), התשע""ז-2016 (מ/1101).

ו. ""ביקורי חברי הכנסת אצל אסירים ביטחוניים"" – בעקבות פניית חה""כ איילת נחמיאס ורבין."
2016-12-19,2011051,"1. בקשת הממשלה להקדמת הדיון בהצעת חוק לפני הקריאה ראשונה

2. בקשת יו""ר ועדה להקדמת הדיון בהצעת חוק בקריאה השניה והשלישית"
2016-12-19,2011075,"טענת נושא חדש בוועדת הכספים בהצעת חוק התקציב לשנות 2017 ו-2018, התשע""ז-2016, (מ/1082) - לפי סעיף 85 לתקנון הכנסת."
2016-12-19,2011079,"טענת נושא חדש בוועדת הכספים בהצעת חוק התקציב לשנות 2017 ו-2018, התשע""ז-2016, (מ/1082) - לפי סעיף 85 לתקנון הכנסת."
2016-12-21,2011181,"1. בקשת היועץ המשפטי לממשלה בדבר נטילת חסינות מחה""כ באסל גטאס

2. בקשת יו""ר הכנסת לכינוס מליאת הכנסת מחר באותו הנושא"
2016-12-21,2011212,"רביזיה על ההחלטות הבאות:

1. בקשת היועץ המשפטי לממשלה בדבר נטילת חסינות מחה""כ באסל גטאס

2. בקשת יו""ר הכנסת לכינוס מליאת הכנסת מחר באותו הנושא"
2016-12-22,2011244,"1. קביעת הוועדה לדיון בהצעת חוק הכללת אמצעי זיהוי ביומטריים ונתוני זיהוי ביומטריים במסמכי זיהוי ובמאגר מידע (תיקון והוראת שעה), התשע""ז-2016

2. חילופי אישים בוועדה המשותפת לוועדת החוקה, חוק ומשפט, ועדת הפנים והגנת הסביבה וועדת המדע והטכנולוגיה, בהתאם לחוק אמצעי זיהוי ביומטריים ונתוני זיהוי ביומטריים במסמכי זיהוי ובמאגר מידע, התש""ע-2009.

3. בחירת ממלא מקום ליו""ר הכנסת בעת העדרו מהארץ

4. רביזיה על החלטת ועדת הכנסת בדבר ביקורי חברי הכנסת אצל אסירים ביטחוניים והדיון המהיר בעניין ""הגבלות על ביקורי חברי הכנסת בבתי הכלא"""
2016-12-28,2011513,"קביעת ועדה לדיון בהצעת חוק השידור הציבורי הישראלי (תיקון מס' 6) התשע""ז-2016 (מ/1102), לשם הכנתה לקריאה שנייה ושלישית.

תיקון החלטת ועדת הכנסת בדבר מועדים לשעת שאלות במושב השלישי של הכנסת ה-20 – פניית חה""כ מרב מיכאלי.

מינוי ממלאי מקום קבועים בוועדת המדע והטכנולוגיה ובוועדת החוקה חוק ומשפט – פניית חה""כ מרב מיכאלי.

בקשת יו""ר הוועדה המיוחדת לזכויות הילד להעברת הצעה לסדר היום בנושא: ""דו""ח משרד העבודה והרווחה מגלה כי 44 אלף מקרי פגיעה בקטינים, חמישית מהם בבעלי מוגבלויות"" הצעת חה""כ מסעוד גנאים"" מוועדת העבודה הרווחה והבריאות לדיון בוועדה המיוחדת לזכויות הילד."
2016-12-28,2011568,"רביזיה על החלטת ועדת הכנסת בדבר קביעת ועדה לדיון בהצעת חוק השידור הציבורי הישראלי (תיקון מס' 6) התשע""ז-2016 (מ/1102), לשם הכנתה לקריאה שנייה ושלישית"
2017-01-02,2011758,"בקשת הוועדה המיוחדת לחוק הגברת התחרות ולצמצום הריכוזיות בשוק הבנקאות – להקדמת הדיון בהצעת חוק השידור הציבורי הישראלי (תיקון מס' 6), התשע""ז-2016 (מ/1102) – לפני הקריאה השנייה והשלישית"
2017-01-02,2011795,"בקשת הוועדה המיוחדת לחוק הגברת התחרות ולצמצום הריכוזיות בשוק הבנקאות – להקדמת הדיון בהצעת חוק השידור הציבורי הישראלי (תיקון מס' 6), התשע""ז-2016 (מ/1102) – לפני הקריאה השנייה והשלישית"
2017-01-09,2011972,"1. בחירת ממלא מקום ליו""ר הכנסת בעת העדרו מהארץ

2. הצעה לסדר-היום בנושא: ""סכנת מצבור הדלקים והחומרים במסוכנים במפרץ חיפה תחת השריפות""

3. צו הסגירה למפעל כרמל אולפינים

4. הצעת חוק התקשורת (בזק ושידורים) (תיקון - חובת סינון אתרים פוגעניים), התשע""ו-2016

5. הצעת חוק המכר (דירות) (תיקון - זכות להחלפת חברת ניהול), התשע""ו-2016

6. הצעת חוק הביטוח הלאומי (תיקון - השוואת קצבת נכות לשכר המינימום), התשע""ו-2016

7. הצעת חוק תאגידי מים וביוב (תיקון - צמצום מספר תאגידי המים והביוב), התשע""ז-2016

8. הצעת חוק ממשל זמין, התשע""ו-2016

9. הצעת חוק הדגל, הסמל והמנון המדינה (תיקון - הצבת דגל באירוע ציבורי), התשע""ו-2016

10. הצעת חוק התקשורת (בזק ושידורים) (תיקון - דואר זבל), התשע""ז-2016"
2017-01-16,2012552,"הצעת חוק התקשורת (בזק ושידורים) (תיקון - חובת סינון אתרים פוגעניים), התשע""ו-2016"
2017-01-16,2012593,"קביעת מועד לשעת שאלות – בהתאם לבקשת חברת הכנסת מירב מיכאלי, יו""ר סיעת המחנה הציוני"
2017-01-18,2012779,"א. בקשת יושב ראש ועדת העבודה, הרווחה והבריאות למיזוג הצעות החוק הבאות:

1. הצעת חוק הביטוח הלאומי (תיקון מס' 185) (הארכת משך הזכאות לגמלת סיעוד בתקופת אשפוז), התשע""ז-2016

2. הצעת חוק הביטוח הלאומי (תיקון – הארכת משך הזכאות לגמלת סיעוד בעת אשפוז), התשע""ה–2015

ב. בקשה לפטור מחובת הנחה מוקדמת על שולחן הכנסת להצעות חוק אלו לפני הקריאה השנייה והשלישית"
2017-01-23,2012876,"בקשת יו""ר ועדה להקדמת הדיון בהצעת חוק, בקריאה השנייה והשלישית"
2017-01-23,2012995,"1. המלצה לבחירת יו""ר לוועדה המיוחדת בהצעת חוק להגברת התחרות ולצמצום הריכוזיות בשוק הבנקאות

2. הצעת חוק התכנון והבנייה (תיקון – פיצול דירות)"
2017-01-23,2013029,שעת שאלות לראש הממשלה
2016-11-02,2007647,ירידת מפלס ים המלח ותופעת הבולענים - דוח מבקר המדינה 59ב
2016-11-01,2007671,1. היבטים במערך השירותים לאנשים עיוורים - דוח מבקר המדינה 66א - ישיבת מעקב2. מיצוי הטבות המס והשירות לנישום - דוח מבקר המדינה 66א - ישיבת מעקב
2016-11-21,2007678,"חינוך לחיים משותפים ומניעת גזענות - דוח ביקורת מיוחד של מבקר המדינה , אלול, התשע""ו, ספטמבר 2016"
2016-10-13,2007699,"1. הפעלת מסגרות משלימות בשעות אחה""צ (צהרונים) בגני ילדים ובבתי ספר ברשויות מקומיות באשכולות 10-4

2. פיקוח על הצהרונים ומחיריהם"
2016-10-31,2007840,"1. הטיפול בזיהום אוויר ממקורות נייחים - דוח מבקר 65ג - ישיבת מעקב שנייה

2. בקשה לחוות דעת מבקר המדינה בנושא: זיהום אוויר במפרץ חיפה - ישיבת מעקב שנייה"
2016-11-07,2008007,"הסדרי הפנסיה במדינה - דוח מבקר המדינה, תשרי, התשע""ז, אוקטובר 2016"
2016-11-07,2008192,"תקציב משרד החינוך - היבטים בתכנון, בפיקוח ובבקרה, דוח מבקר המדינה 67א"
2016-11-22,2008857,"הפעלת מסגרות משלימות בשעות אחה""צ (צהרונים), דוח המבקר על השלטון המקומי לשנת 2014 -ישיבת מעקב"
2016-11-22,2009522,"הנחת דו""חות על הביקורת בשלטון המקומי לשנת 2016 בלשכת יושב ראש הכנסת"
2016-12-14,2009557,"1. בקשה לקבלת דוח לפי סעיף 6(א) לחוק מבקר המדינה בנושא יחסי המדינה וגופים מבוקרים אחרים עם קק""ל - ישיבת מעקב

2. החלטה להציע לכנסת להעמיד את קרן קיימת לישראל לביקורת מבקר המדינה {לפי סע' 9(6) לחוק מבקר המדינה}"
2016-12-20,2009948,בקשה לחוות דעת מבקר המדינה בנושא: מבנה ההעסקה והעובדים במשרד החוץ על רקע הפיחות במעמד המשרד
2016-12-28,2010625,"תקנות מבקר המדינה (מתכונת לדיווח על תיקון ליקויים), התשע""ו-2016"
2017-01-02,2011498,"החלטת משרד התקשורת לביטול חובת ההפרדה התאגידית בקבוצת ""בזק"""
2017-01-17,2012133,"1. סוגיות בפיקוח על מזון - דוח מבקר המדינה 66ג

2. בקשה לחוות דעת מבקר המדינה בנושא: שירותי המזון הארצי

3. הצגת דוח עמותת ""לקט ישראל"" במסגרת יום הצלת עודפי המזון בכנסת"
2017-01-24,2012720,"בקשה לחוות דעת מבקר המדינה בנושא: מעברי חצייה בקרבת בסיסי צה""ל - ישיבת מעקב"
2016-11-01,2007720,הצגת דוח הוועדה הציבורית לבחינת גיל הפרישה לנשים
2016-12-13,2009829,"1. החמרה בתופעת ההטרדות והתקיפות המיניות בערים מעורבות, של חה""כ יוליה מלינובסקי.

2. החמרה בתופעת ההטרדות והתקיפות המיניות בערים מעורבות, של חה""כ מיכאל מלכיאלי..

3. החמרה בתופעת ההטרדות והתקיפות המיניות בערים מעורבות, של חה""כ אלי כהן .

4. הטרדות מיניות בישובים מעורבים בוועדה לקידום מעמד האישה ולשוויון מגדרי, של חה""כ בצלאל סמוטריץ'.

5. הטרדות מיניות בישובים מעורבים בוועדה לקידום מעמד האישה ולשוויון מגדרי, של חה""כ ענת ברקו."
2017-01-09,2011107,הצגת הניתוח המגדרי של תקציב הכנסת
2017-01-17,2011806,"למעלה מעשרה חודשים שלא מונתה מנהלת לרשות לקידום מעמד האישה, של חה""כ נחמן שי"
2017-01-25,2012346,"1. הצגת הניתוח המגדרי של תקציב המשרד לשירותי דת

2. ייצוג נשים במועצות הדתיות

בהשתתפות חבר הכנסת דוד אזולאי, השר לשירותי דת"
2016-10-31,2007579,טיפול בעבירות סמים דרך בתי המשפט הקהילתיים
2016-12-12,2009497,"""מדיניות כלפי משתמשי קנביס - בהשתתפות מנכ""ל המשרד לביטחון ופנים והצוות לבדיקת מדיניות האכיפה כלפי משתמשי קנביס לשימוש עצמי"""
2016-11-28,2009614,התמודדות עם התופעה הרחבה של סמי האונס
2016-11-02,2007508,"צו הכללת אמצעי זיהוי ביומטריים ונתוני זיהוי ביומטריים במסמכי זיהוי ובמאגר מידע (תקופת מבחן) (תיקון), התשע""ה - 2015 (תיקון סעיפים 8ב(ב) ו- 10(ה))"
2016-10-31,2007614,"תקנות הסדרת מחקרים במחוללי מחלות ביולוגיים (שינוי התוספת לחוק), התשע""ו-2016"
2016-11-07,2007717,'עיר חכמה' – טכנולוגיה בשירות התושבים
2016-12-05,2009734,"איום על המשך תפקודה של החברה לחקר ימים ואגמים לישראל, כמכון מחקר ממשלתי, בהשתתפות מר שאול מרידור, מנכ""ל משרד התשתיות הלאומיות, האנרגיה והמים"
2016-12-27,2011455,"צו הכללת אמצעי זיהוי ביומטריים ונתוני זיהוי ביומטריים במסמכי זיהוי ובמאגר מידע (תקופת מבחן) (תיקון מס' 2), התשע""ז-2016"
2017-01-17,2011564,"הצעת חוק הכללת אמצעי זיהוי ביומטריים ונתוני זיהוי ביומטריים במסמכי זיהוי ובמאגר מידע (תיקון והוראת שעה), התשע""ז-2016"
2017-01-18,2012283,חסמים לקידום טכנולוגיות להפקת חשמל לאנרגיית רוח
2016-11-01,2007780,פניות ציבור בנושא הקריטריונים למערך היסעים לתלמידים למוסדות חינוך ברחבי הארץ
2016-11-22,2009205,"פניות ציבור לגבי עיכוב במתן תוצאות מבחני הרבנות וההסמכה לדיינות. ישיבת מעקב לישיבות שהתקיימו בנושא ב- 19.10.2015, ב-4.1.2016 וב- 28.7.2016"
2016-11-29,2009322,"פניות ציבור בנושא מיצוי זכויות הדיירים – תמ""א 38 – הצגת התלונות והבעיות במהלך חיזוק מבנה קיים"
2016-12-13,2009538,"פניות ציבור בנושא הנפקת רישיונות מנייר והמרת רישיונות בישראל ובמדינות זרות - ישיבת המשך לישיבות שהתקיימו בנושא ב- 16.2.16, 15.3.16, 30.5.16, וב-20.9.16"
2016-12-04,2009606,"סיור וישיבת וועדה בנושאים: א. דרכי הבידוק והתורים בנתב""ג. ב. הפגיעה בציבור הנוסעים עקב איחורים וביטולי טיסות."
2016-12-19,2009940,פניות ציבור בנושא המחסור בוועדות רפואיות של המוסד לביטוח לאומי בעיר אילת
2016-12-13,2010441,פניות ציבור בנושאים: א. שירותי דת לאסירים. ב. שיקום אסירים
2016-10-27,2007770,העלאת שיעורי התגמולים לנכי רדיפות הנאצים ולנכי המלחמה בנאצים
2016-10-27,2007772,אישור מוסדות ציבור לעניין סעיף 46 לפקודת מס הכנסה (רשימה שסימנה 9-987-16)
2016-10-27,2007775,"רשימת בוחנים לוועדות בחינה למינוי עובדים במשרד מבקר המדינה, לפי סעיפים 26 ו- 41 לחוק שירות המדינה (מינויים), תשי""ט - 1959"
2016-10-27,2007776,"הצעת חוק ניירות ערך (תיקון מספר 60)(שינוי מבנה הבורסה), התשע""ו-2016 (מ/1062)."
2016-10-27,2007777,שינויים בתקציב לשנת 2016
2016-10-31,2007883,הצגת התקציב לשנים 2017-2018 וסקירה על המדיניות הכלכלית – בהשתתפות שר האוצר משה כחלון.
2016-11-01,2007887,"אתגרי החקלאות בישראל, במסגרת ציון הכנסת את יום החקלאות וההתיישבות"
2016-11-01,2007888,"1. הצעת חוק לעידוד הקמת מתקנים להפקת אנרגיה מתחדשת (פטור ממס), התשע""ו-2016 (פ/3212/20) של חה""כ חמד עמאר, יעל כהן-פארן, רוברט אילטוב, יוליה מלינובסקי, דב חנין, אמיר אוחנה, טלי פלוסקוב, ניסן סלומינסקי, יואב בן צור, מנואל טרכטנברג, יחיאל חיליק בר, איתן ברושי, יהודה גליק, אברהם נגוסה, עאידה תומא סלימאן, עבד אל חכים חאג' יחיא, אורלי לוי אבקסיס, אורי מקלב, אוסאמה סעדי, מיקי רוזנטל, איל בן ראובן, יוסף ג'בארין, יוסי יונה, קסניה סבטלובה, איילת נחמיאס ורבין, חיים ילין, נחמן שי, מיכל בירן, מיקי לוי, עליזה לביא, מיכל רוזין, זוהיר בהלול, יואל חסון, רויטל סויד, עמר בר-לב, איציק שמולי, מרב מיכאלי, יצחק הרצוג, יעקב פרי, עפר שלח, אילן גילאון, קארין אלהרר, עיסאווי פריג', תמר זנדברג, עבדאללה אבו מערוף, איתן כבל ויעל גרמן

2. הצעת חוק לעידוד השקעה באנרגיות מתחדשות (הטבות מס בשל הפקת חשמל מאנרגיה מתחדשת – הוראת שעה), התשע""ו-2016 (מ/1076)"
2016-11-02,2007891,"1. תקציב משרד החקלאות ופיתוח הכפר לשנים 2017-2018 – בהשתתפות שר החקלאות ופיתוח הכפר אורי אריאל;

2. בקשות לדיון מחדש על שינויים בתקציב לשנת 2016."
2016-11-07,2007898,"דיון על העלאת גיל הפרישה לנשים, לפי סעיף 9 לחוק גיל פרישה, התשס""ד-2004"
2016-11-02,2008051,שינויים בתקציב לשנת 2016
2016-11-01,2008164,שינויים בתקציב לשנת 2016
2016-11-07,2008302,"הצעת חוק לעידוד השקעה באנרגיות מתחדשות (הטבות מס בשל הפקת חשמל מאנרגיה מתחדשת – הוראת שעה), התשע""ו-2016"
2016-11-07,2008304,שינויים בתקציב לשנת 2016 – לרבות בקשות לדיון מחדש
2016-11-08,2008305,"הצעת חוק התקציב לשנות הכספים 2017 ו-2018, התשע""ז-2016"
2016-11-09,2008306,"הצעת חוק התקציב לשנות הכספים 2017 ו-2018, התשע""ז-2016"
2016-11-13,2008613,שינויים בתקציב לשנת 2016
2016-11-10,2008623,"הצעת חוק ניירות ערך (תיקון מס' 60) (שינוי מבנה הבורסה), התשע""ו-2016"
2016-11-13,2008740,"פרק י""ד (שונות) סעיפים 69 עד 71 (תיקונים בחוק מיסוי מקרקעין) – מתוך הצעת חוק התכנית הכלכלית (תיקוני חקיקה ליישום המדיניות הכלכלית לשנות התקציב 2017 ו-2018), התשע""ז-2016 (מ/1083)."
2016-11-13,2008741,"הצעת חוק לתיקון פקודת מסי העירייה ומסי הממשלה (פטורין) (מס' 27) (פטור מארנונה לארכיון ציבורי), התשע""ז-2016"
2016-11-14,2008742,"1. קשיים בהשגת ביטוח חיים לנוטלי משכנתאות על-ידי נכי צה""ל ולבעלי מוגבלויות אחרים

2. הריביות על המשכנתאות – הצעה לסדר היום בנושא: יחס המוסדות הפיננסיים בישראל ללווי המשכנתאות (4416 נאוה בוקר) (4419 אכרם חסון)"
2016-11-14,2008743,"1. הצעת חוק התקציב לשנות הכספים 2017 ו-2018, התשע""ז-2016 (מ-1082): הצגת התקציב לשנים 2018-2017 וסקירה על המדיניות הכלכלית – המשך דיון.

2. שינויים בתקציב לשנת 2016, לרבות בקשות לדיון מחדש."
2016-11-14,2008744,"הצעת חוק הפחתת הגירעון והגבלת ההוצאה התקציבית (תיקון מס' 16) (שיעור הגירעון וסכום ההוצאה הממשלתית בשנות התקציב 2017 ואילך), התשע""ז-2016 (מ/1083)"
2016-11-15,2008745,"פרק ג' כולו (פיצויי פיטורים), מתוך הצעת חוק ההתייעלות הכלכלית (תיקוני חקיקה להשגת יעדי התקציב לשנות 207 ו-2018), התשע""ז-2016"
2016-11-15,2008746,"פרק ח' כולו (מסים), מתוך הצעת חוק ההתייעלות הכלכלית (תיקוני חקיקה להשגת יעדי התקציב לשנות 207 ו-2018), התשע""ז-2016"
2016-11-15,2008750,"צו היטלי סחר ואמצעי הגנה (היטל היצף על יבוא לוחות זכוכית צפה מטורקיה)(הוראת שעה), תשע""ו - 2016"
2016-11-21,2008754,"הצעת חוק התקציב לשנות הכספים 2017 ו-2018, התשע""ז-2016 (מ/1082) – תקציב המשרד לביטחון הפנים לשנים 2017–2018, בהשתתפות השר לביטחון הפנים גלעד ארדן."
2016-11-22,2008757,"פרק ז' כולו (עידוד השקעות הון), מתוך הצעת חוק ההתייעלות הכלכלית (תיקוני חקיקה להשגת יעדי התקציב לשנות 207 ו-2018), התשע""ז-2016

סעיפים 83 עד 88 (תיקונים בחוק לעידוד השקעות הון)"
2016-11-23,2008759,"הצעת חוק התקציב לשנות הכספים 2017 ו-2018, התשע""ז-2016"
2016-11-27,2008760,"פרק ו' כולו (הוראות לעניין התחשבנות בין בתי החולים לקופות החולים), מתוך הצעת חוק ההתייעלות הכלכלית (תיקוני חקיקה להשגת יעדי התקציב לשנות 2017 ו-2018), התשע""ז-2016 (מ/1083)

סעיפים 58 עד 92 (קביעת כללי התחשבנות בין קופות החולים לבתי החולים) (מ/1083)"
2016-11-27,2008761,"פרק ט' (ביטוח לאומי), סעיפים 136(1), 137(א) ו-143 (שיפוי המוסד לביטוח לאומי), מתוך הצעת חוק ההתייעלות הכלכלית (תיקוני חקיקה להשגת יעדי התקציב לשנות 207 ו-2018), התשע""ז-2016"
2016-11-27,2008762,"פרק י""ב, סעיפים 174 עד 176 (העברת הכנסות מרשות שדות התעופה לאוצר המדינה), מתוך הצעת חוק ההתייעלות הכלכלית (תיקוני חקיקה להשגת יעדי התקציב לשנות 207 ו-2018), התשע""ז-2016"
2016-11-28,2008768,"הצעת חוק סיוע כלכלי ללומדי תורה נזקקים, התשע""ו-2016"
2016-11-28,2008769,"הצעת חוק התקציב לשנות הכספים 2017 ו-2018, התשע""ז-2016"
2016-11-14,2008919,"1. הצעת חוק התקציב לשנות הכספים 2017 ו-2018, התשע""ז-2016 (מ-1082): הצגת התקציב לשנים 2018-2017 וסקירה על המדיניות הכלכלית – המשך דיון.

2. שינויים בתקציב לשנת 2016, לרבות בקשות לדיון מחדש."
2016-11-15,2008920,שינויים בתקציב לשנת 2016
2016-11-16,2008921,שינויים בתקציב לשנת 2016
2016-11-21,2009217,שינויים בתקציב לשנת 2016
2016-11-23,2009218,"הצעת חוק לעידוד השקעה באנרגיות מתחדשות (הטבות מס בשל הפקת חשמל מאנרגיה מתחדשת - הוראת שעה), התשע""ו-2016"
2016-11-22,2009412,"צו היטלי סחר ואמצעי הגנה (היטל היצף על יבוא לוחות זכוכית צפה מטורקיה)(הוראת שעה), תשע""ו - 2016"
2016-11-22,2009413,שינויים בתקציב לשנת 2016
2016-12-07,2009443,אישור תקציב הכנסת לשנות התקציב 2017 ו-2018
2016-11-28,2009627,שינויים בתקציב לשנת 2016
2016-11-28,2009723,"1. תקנות מס רכוש וקרן פיצויים (שיעור ההפרשה לקרן פיצויים)(הוראת שעה), התשע""ז-2016

2. פיצויים ושיקום לנפגעי ולנזקי השריפות"
2016-12-05,2009984,תקציב משרד מבקר המדינה לשנים 2017–2018
2016-12-05,2009985,"הליך בחירת בעלי תפקידים בכירים בכנסת באמצעות ועדות איתור, על פי סעיף 41 לחוק שירות המדינה (מינויים), התשי""ט-1959 – בקשת מנכ""ל הכנסת מר אלברט סחרוביץ"
2016-12-05,2009987,שינויים בתקציב לשנת 2016
2016-12-04,2010099,"פרק ט' (ביטוח לאומי), סעיפים 136(1), 137(א) ו-143 (שיפוי המוסד לביטוח לאומי), מתוך הצעת חוק ההתייעלות הכלכלית (תיקוני חקיקה להשגת יעדי התקציב לשנות 2017 ו-2018), התשע""ז-2016"
2016-12-04,2010100,"הצעת חוק הפחתת הגירעון והגבלת ההוצאה התקציבית (תיקון מס' 16) (שיעור הגירעון וסכום ההוצאה הממשלתית בשנות התקציב 2017 ואילך), התשע""ז-2016"
2016-12-05,2010172,"הצעת חוק התקציב לשנות הכספים 2017 ו-2018, התשע""ז-2016 (מ/1082) – תקציב משרד החינוך לשנים 2018-2017, בהשתתפות שר החינוך נפתלי בנט"
2016-12-06,2010272,"פרק ז' כולו (עידוד השקעות הון), מתוך הצעת חוק ההתייעלות הכלכלית (תיקוני חקיקה להשגת יעדי התקציב לשנות 2017 ו-2018), התשע""ז-2016"
2016-12-07,2010273,שינויים בתקציב לשנת 2016
2016-12-07,2010363,"פרק ח' כולו (מסים), מתוך הצעת חוק ההתייעלות הכלכלית (תיקוני חקיקה להשגת יעדי התקציב לשנות 2017 ו-2018), התשע""ז-2016"
2016-12-07,2010366,"פרק ו' כולו (הוראות לעניין התחשבנות בין בתי החולים לקופות החולים), מתוך הצעת חוק ההתייעלות הכלכלית (תיקוני חקיקה להשגת יעדי התקציב לשנות 2017 ו-2018), התשע""ז-2016"
2016-12-12,2010605,תקציב ועדת הבחירות המרכזית לכנסת ה- 21 לשנים 2017-2018
2016-12-12,2010606,שינויים בתקציב לשנת 2016
2016-12-12,2010609,"1. אישור מוסדות ציבור לעניין סעיף 61 לחוק מיסוי מקרקעין (רשימה שסימנה: 1069-16)

2. אישור מוסדות ציבור לעניין סעיף 46 לפקודת מס הכנסה (רשימה שסימנה: 1067-16)"
2016-12-12,2010610,"פרק ו' כולו (הוראות לעניין התחשבנות בין בתי החולים לקופות החולים), מתוך הצעת חוק ההתייעלות הכלכלית (תיקוני חקיקה להשגת יעדי התקציב לשנות 2017 ו-2018), התשע""ז-2016"
2016-12-13,2010611,"1. פרק א', סעיף 1 (מטרת החוק) מתוך הצעת חוק התכנית הכלכלית (תיקוני חקיקה ליישום המדיניות הכלכלית לשנות התקציב 2017 ו-2018), התשע""ז-2016

2. פרק ט""ו כולו (תחילה), מתוך הצעת חוק התכנית הכלכלית (תיקוני חקיקה ליישום המדיניות הכלכלית לשנות התקציב 2017 ו-2018), התשע""ז-2016

3. פרק א', סעיף 1 (מטרת החוק), מתוך הצעת חוק ההתייעלות הכלכלית (תיקוני חקיקה להשגת יעדי התקציב לשנות התקציב 2017 ו-2018), התשע""ז-2016

4. פרק י""ג כולו (תחילה), מתוך הצעת חוק ההתייעלות הכלכלית (תיקוני חקיקה להשגת יעדי התקציב לשנות התקציב 2017 ו-2018), התשע""ז-2016"
2016-12-13,2010737,"פרק ו' כולו (הוראות לעניין התחשבנות בין בתי החולים לקופות החולים), מתוך הצעת חוק ההתייעלות הכלכלית (תיקוני חקיקה להשגת יעדי התקציב לשנות 2017 ו-2018), התשע""ז-2016"
2016-12-13,2010824,"פרק ו' כולו (הוראות לעניין התחשבנות בין בתי החולים לקופות החולים), מתוך הצעת חוק ההתייעלות הכלכלית (תיקוני חקיקה להשגת יעדי התקציב לשנות 2017 ו-2018), התשע""ז-2016"
2016-12-14,2010828,"הצעת חוק סיוע כלכלי לעידוד לומדי תורה וסטודנטים נזקקים, התשע""ז-2016"
2016-12-18,2010835,שינויים בתקציב לשנת 2016
2016-12-19,2010994,שינויים בתקציב לשנת 2016
2016-12-19,2011005,"הצעת חוק התקציב לשנות הכספים 2017 ו-2018, התשע""ז-2016"
2016-12-19,2011016,"פרק ו' כולו (הוראות לעניין התחשבנות בין בתי החולים לקופות החולים), מתוך הצעת חוק ההתייעלות הכלכלית (תיקוני חקיקה להשגת יעדי התקציב לשנות 2017 ו-2018), התשע""ז-2016"
2016-12-22,2011219,אופן הדיון בשינויים בתקציב עד סוף דצמבר 2016
2016-12-22,2011220,שינויים בתקציב לשנת 2016
2017-01-02,2011597,"1. סקירה כלכלית מאת נגידת בנק ישראל, ד""ר קרנית פלוג

2. תקציב בנק ישראל לשנת 2017"
2017-01-02,2011600,"אישור מסגרת ערבות מדינה במסגרת תכנית ""מחיר למשתכן"""
2017-01-02,2011601,"הצעת חוק הפיקוח על שירותים פיננסיים (קופות גמל) (תיקון מס' 17) (איסור זיקה בין עמלת הפצה לדמי ניהול), התשע""ו-2016 (פ/2425/20) (כ/646), של חה""כ מכלוף מיקי זוהר, מיכל בירן, נורית קורן, עמר בר-לב, רועי פולקמן."
2017-01-02,2011602,"הצעת חוק לתיקון פקודת מסי העירייה ומסי הממשלה (פטורין) (פטור מארנונה לבית מדרש ולישיבה), התשע""ה-2015 (פ/863/20), של חה""כ יואב בן צור, מנחם אליעזר מוזס."
2017-01-10,2011941,"תקנות סיוע לשדרות וליישובי הנגב המערבי (הוראות שעה) (הארכת תחולת סעיף 5(ג) לחוק), התשע""ז-2016"
2017-01-10,2011943,"הצעת חוק הבנקאות (שירות ללקוח) (תיקון - הלוואה לדיור לאדם עם מוגבלות), התשע""ה–2015"
2017-01-10,2011947,"צו הפיקוח על מצרכים ושירותים (תמרוקים)(תיקון), התשע""ו - 2016"
2017-01-10,2011948,"1. תקן משרד מבקר המדינה ונציב תלונות הציבור, בהתאם לסעיפים 41 ו- 14 לחוק שירות המדינה (מינויים), התשי""ט – 1959

2. פטור ממכרז לאיוש משרת קב""ט בלשכת חיפה – בקשת מבקר המדינה, בהתאם לסעיפים 41 ו- 21 לחוק שירות המדינה (מינויים), התשי""ט - 1959"
2017-01-10,2012087,תקציב עירית ירושלים כולל תקציב הפיתוח
2017-01-17,2012334,"הצעת חוק לתיקון פקודת מסי העירייה ומסי הממשלה (פטורין) (פטור מארנונה לבית מדרש ולישיבה), התשע""ה-2015"
2017-01-23,2012756,"הצעת חוק מס ערך מוסף (תיקון מס' 56), התשע""ו-2016"
2017-01-23,2012758,"שיעור ההפרשות לפנסיה עבור נושאי משרה שיפוטית, ושאר נושאי משרה ברשויות השלטון"
2016-12-07,2009443,אישור תקציב הכנסת לשנות התקציב 2017 ו-2018
2016-10-26,2007587,תלמידים אלרגיים במערכת החינוך
2016-11-07,2007652,תמונות מצב בצהרונים - עלויות והתנהלות מקצועית
2016-10-31,2007682,בטיחות ילדים בנסיעה במונית
2016-11-08,2007387,"ישיבת ועדה חגיגית לציון יום העלייה - עפ""י חוק יום העלייה התשע""ו-2016"
2016-10-31,2007591,סקירה ועדכון על אמנות והסכמים בילטראליים בדבר פנסיות לעולים ממדינות מוצאם
2016-11-02,2007608,"בחינת המשך הפעלתם של מרכזי נוער ליוצאי אתיופיה, תוך שילוב בני נוער שאינם יוצאי העדה"
2016-11-14,2008637,טיפול משרד החינוך בתלמידים עולים - דיון דחוף
2016-12-05,2009884,"חשד לפגיעה בתינוקות יוצאי אתיופיה, הנימולים ע""י מי שאינם מוהלים מוסמכים"
2016-12-06,2009902,הדרת עולים חדשים משירות המדינה - שיעור העסקתם ביחס לשיעורם באוכלוסייה ותכנית להגברת שילובם בשירות המדינה
2016-12-12,2010360,שילוב עולים חדשים בשירות המדינה ובמשרדי הממשלה
2016-12-26,2011060,מעמד דור רביעי לזכאי חוק השבות
2016-10-31,2007715,תאונות עבודה בענף הבנייה
2016-10-31,2007719,"1. תקנות הגנה על בריאות הציבור (מזון) (הפחתה של סכום עיצום כספי), התשע""ז-2016.

2. היערכות המשרדים לקראת כניסתה לתוקף של רפורמת המזון."
2016-10-31,2007725,הסכם בדבר מימון הובלת נפטרים
2016-11-01,2007726,"במסגרת יום החקלאות בכנסת

1. התעסוקה במרחב הכפרי והזרמת הכספים לפריפריות בהשוואה למדינות ה-OECD

2. סוגיות בהעסקת העובדים הזרים בענף החקלאות."
2016-11-02,2007728,"הצעת חוק שירות אזרחי, התשע""ה-2015"
2016-10-31,2007873,"1. תקנות בריאות העם (מכשירים רפואיים מיוחדים)(תיקון)(תיקון מס' 2), התשע""ז- 2016.

2. תקנות בריאות העם (מכשירים רפואיים מיוחדים)(תיקון), התשע""ו- 2016, (תיקון), התשע""ז-2016.

3. תקנות בריאות העם (מכשירים רפואיים מיוחדים)(תיקון מס' 2), התשע""ז- 2016."
2016-11-07,2008165,"הצעת חוק שירותי הדת היהודיים (תיקון מס' 22) (שירותי העברת נפטרים), התשע""ו-2016, פ/1339/20 כ/658, של חה""כ מרב מיכאלי"
2016-11-07,2008166,"הצעת חוק הסעד (טיפול במפגרים) (תיקון - בעל מוגבלות שכלית התפתחותית), התשע""ו-2016, של חה""כ מירב בן ארי, אילן גילאון

הצעת חוק החלפת המונח מפגר (תיקוני חקיקה), התשע""ו-2016, של חה""כ איציק שמולי, אחמד טיבי, נורית קורן, יואב בן צור, אורלי לוי אבקסיס, מאיר כהן, מיכל רוזין"
2016-11-09,2008167,"דיווח משרד העבודה, הרווחה והשירותים החברתיים על יישום חוק אומנה לילדים התשע""ו 2016, על פי סעיף 91 לחוק – בהשתתפות מנכ""ל משרד העבודה, הרווחה והשירותים החברתיים אליעזר יבלון"
2016-11-08,2008172,"תקנות התכנון והבניה (ביצוע התאמות נגישות למוסד חינוך חדש), התשע""ו-2016"
2016-11-09,2008497,"הצעת חוק הפיקוח על שירותים פיננסיים (ביטוח) (תיקון מס' 28) (כריות ביטחון לקרנות פנסיה ותיקות), התשע""ד-2014

רביזיה של חבר הכנסת איציק שמולי לפי סעיף 115 לתקנון הכנסת

בהשתתפות שר העבודה, הרווחה והשירותים החברתיים, חיים כץ"
2016-11-23,2008658,"פרק ב' כולו (אסדרת ענף התמרוקים), מתוך הצעת חוק התכנית הכלכלית (תיקוני חקיקה ליישום המדיניות הכלכלית לשנות התקציב 2017 ו-2018), התשע""ז-2016"
2016-11-15,2008660,במסגרת ציון יום הפג הבינלאומי בכנסת: חוסר קריטי באחיות לטיפול בפגים המאושפזים במיטות טיפול נמרץ
2016-11-15,2008661,במסגרת יום ההכשרה בכנסת: העלאת הפריון להשגת יעדים חברתיים
2016-11-14,2008673,"פרק ט' (ביטוח לאומי) כולו, למעט סעיפים 136(1), 137(א) ו-143 (שיפוי המוסד לביטוח לאומי), מתוך הצעת חוק ההתייעלות הכלכלית (תיקוני חקיקה להשגת יעדי התקציב לשנות 207 ו-2018), התשע""ז-2016

הבטחת הכנסה (סעיפים 140, 141 ו-142), פרק ט', ביטוח לאומי, מתוך חוק ההתייעלות"
2016-11-21,2009127,"הצעת חוק לתיקון פקודת הרוקחים (פטור מבחינות), התשע""ו-2016, של חה""כ אלי אלאלוף"
2016-11-21,2009131,"הצעת חוק שירותי הדת היהודיים (תיקון מס' 22) (שירותי העברת נפטרים), התשע""ו-2016, של חה""כ מרב מיכאל, אלי אלאלוף, אילן גילאון, דב חנין"
2016-11-22,2009146,"פרק ט' (ביטוח לאומי) כולו, למעט סעיפים 136(1), 137(א) ו-143 (שיפוי המוסד לביטוח לאומי), מתוך הצעת חוק ההתייעלות הכלכלית (תיקוני חקיקה להשגת יעדי התקציב לשנות 207 ו-2018), התשע""ז-2016"
2016-11-29,2009485,"פרק ט' (ביטוח לאומי) כולו, למעט סעיפים 136(1), 137(א) ו-143 (שיפוי המוסד לביטוח לאומי), מתוך הצעת חוק ההתייעלות הכלכלית (תיקוני חקיקה להשגת יעדי התקציב לשנות 207 ו-2018), התשע""ז-2016"
2016-12-06,2009933,"פרק ט' (ביטוח לאומי) כולו, למעט סעיפים 136(1), 137(א) ו-143 (שיפוי המוסד לביטוח לאומי), מתוך הצעת חוק ההתייעלות הכלכלית (תיקוני חקיקה להשגת יעדי התקציב לשנות 2017 ו-2018), התשע""ז-2016"
2016-12-06,2009934,"פרק י""ב, סעיף 179 (מענק ההטבות השנתי לניצולי שואה), מתוך הצעת חוק ההתייעלות הכלכלית (תיקוני חקיקה להשגת יעדי התקציב לשנות 2017 ו-2018), התשע""ז-2016"
2016-12-06,2009935,"פרק ט' (ביטוח לאומי) כולו, למעט סעיפים 136(1), 137(א) ו-143 (שיפוי המוסד לביטוח לאומי), מתוך הצעת חוק ההתייעלות הכלכלית (תיקוני חקיקה להשגת יעדי התקציב לשנות 2017 ו-2018), התשע""ז-2016"
2016-12-06,2009936,"פרק ט' (ביטוח לאומי) כולו, למעט סעיפים 136(1), 137(א) ו-143 (שיפוי המוסד לביטוח לאומי), מתוך הצעת חוק ההתייעלות הכלכלית (תיקוני חקיקה להשגת יעדי התקציב לשנות 2017 ו-2018), התשע""ז-2016"
2016-12-19,2009938,"1. גופי בריאות המיוצגים בכנסת באמצעות חברות לובינג המקדמות במקביל אינטרסים של חברות טבק, של חה""כ סתיו שפיר

2. גופי בריאות המיוצגים בכנסת באמצעות חברות לובינג המקדמות במקביל אינטרסים של חברות טבק, של חה""כ יעל גרמן

3. גופי בריאות המיוצגים בכנסת באמצעות חברות לובינג המקדמות במקביל אינטרסים של חברות טבק, של חה""כ מיכל רוזין

4. גופי בריאות המיוצגים בכנסת באמצעות חברות לובינג המקדמות במקביל אינטרסים של חברות טבק, של חה""כ עבדאללה אבו מערוף"
2016-12-07,2009941,"פרק ב' כולו (חיסכון וסיוע לעצמאים), מתוך הצעת חוק ההתייעלות הכלכלית (תיקוני חקיקה להשגת יעדי התקציב לשנות 2017 ו-2018), התשע""ז-2016"
2016-12-11,2009942,"פרק ב' כולו (אסדרת ענף התמרוקים), מתוך הצעת חוק התכנית הכלכלית (תיקוני חקיקה ליישום המדיניות הכלכלית לשנות התקציב 2017 ו-2018), התשע""ז-2016"
2016-12-12,2010373,"הצעת חוק להחלפת המונח מפגר (תיקוני חקיקה), התשע""ז-2016 (פ/2715/20) (כ/665), של חה""כ מירב בן ארי"
2016-12-13,2010379,"1. ביטוח לאומי שולל אוטומטית קצבאות סיעוד מקשישים החיים בבתי אבות שבהם פועלות מחלקות סיעודיות, של חה""כ רועי פולקמן.

2. הביטוח הלאומי שולל קצבאות מקשישים החיים בבתי אבות בהם פועלות מחלקות סיעודיות, של חה""כ נחמן שי.

3. הביטוח הלאומי שולל קצבאות מקשישים החיים בבתי אבות בהם פועלות מחלקות סיעודיות, של חה""כ מסעוד גנאים.

4. ביטוח לאומי שולל אוטומטית קצבאות סיעוד מקשישים החיים בבתי אבות שבהם פועלות מחלקות סיעודיות, של חה""כ עודד פורר."
2016-12-19,2010908,"המשבר בעמותת ""אור שלום"""
2016-12-19,2010945,מעמדם של רופאי המשפחה והרפואה הקהילתית
2016-12-26,2011132,"תקנות בריאות העם (אמות מידה לאישור הקמה למרפאות), התשע""ו 2016"
2016-12-27,2011137,"1. תקנות משפחות חיילים שנספו במערכה (תגמולים ושיקום)(תשלום למימון צרכים מיוחדים) (הוראת שעה), התשע""ז-2016

2. תקנות משפחות חיילים שנספו במערכה (תגמולים ושיקום)(חינוך יתומים לשם רכישת מקצוע או השכלה כללית או מקצועית) (תיקון), התשע""ז-2016

3. תקנות משפחות חיילים שנספו במערכה (תגמולים ושיקום)(חינוך יתומים לשם רכישת מקצוע או השכלה כללית או מקצועית) (הוראת שעה), התשע""ז-2016

4. תקנות משפחות חיילים שנספו במערכה (תגמולים ושיקום)(הקלות ליתומים להשתלמות במוסדות להשכלה על-תיכונית) (תיקון), התשע""ז-2016

5. תקנות משפחות חיילים שנספו במערכה (תגמולים ושיקום)(הקלות ליתומים להשתלמות במוסדות להשכלה על-תיכונית) (הוראת שעה), התשע""ז-2016

6. צו משפחות חיילים שנספו במערכה (תגמולים ושיקום)(מענק נישואין ליתום) (תיקון), התשע""ז-

7. תקנות הנכים (תגמולים ושיקום)(תוספת למימון צרכים מיוחדים)(תיקון), התשע""ז-2016

8. תקנות הנכים (תגמולים ושיקום)(תוספת למימון צרכים מיוחדים)(הוראת שעה), התשע""ז-2016

9. תקנות הנכים (תגמולים ושיקום)(לימודים לרכישת מקצוע)(תיקון), התשע""ז-2016

10. תקנות הנכים (תגמולים ושיקום)(לימודים לרכישת מקצוע)(הוראת שעה), התשע""ז-2016

11. תקנות הנכים (טיפול רפואי) (תיקון), התשע""ז-2016

12. תקנות הנכים (טיפול רפואי)(הוראת שעה), התשע""ז-2016

13. צו משפחות חיילים שנספו במערכה (תגמולים ושיקום)(מענק נישואין ליתום)(הוראת שעה), התשע""ז-2016

14. צו משפחות חיילים שנספו במערכה (תגמולים ושיקום)(העלאת שיעורי תגמולים), התשע""ז-2016

15. צו משפחות חיילים שנספו במערכה (תגמולים ושיקום)(העלאת שיעורי תגמולים) (הוראת שעה), התשע""ז-2016

16. צו הנכים (תגמולים ושיקום)(העלאת שיעורי השכר הקובע והתגמול לנכה מחוסר פרנסה ונצרך)(הוראת שעה), התשע""ז-2016

17. צו הנכים (תגמולים ושיקום)(העלאת שיעורי השכר הקובע והתגמול לנכה מחוסר פרנסה ונצרך), התשע""ז-2016"
2016-12-27,2011138,"הצעת חוק שעות עבודה ומנוחה (תיקון מס' 15) (סירוב לעבוד ביום המנוחה השבועי), התשע""ו-2016"
2017-01-02,2011525,"הצעת חוק הגנה על בתי עסק (ימי המנוחה), התשע""ו–2016"
2017-01-04,2011555,"1. תקנות אגרות בריאות (תיקון), התשע""ו 2015

2. תקנות בריאות העם (צוות סיעודי במרפאות) (תיקון), התשע""ו-2015

3. תקנות הסדרת העיסוק במקצועות הבריאות (אגרות), התשע""ו-2015

4. תקנות השימוש בהיפנוזה (לימודי היפנוט מוכרים והוראתם, ופרטי הבחינה וסדריה)(תיקון), התשע""ו-2015

5. תקנות העיסוק באופטומטריה (בחינות רישוי) (תיקון), התשע""ו-2015

6. צו הרוקחים (אגרת בחינה), התשע""ו-2015

7. צו רופאי השיניים (אגרות רישיון והיתר זמני) (תיקון), התשע""ו-2015

8. צו הרופאים (אגרות רשיון והיתר זמני)(תיקון),התשע""ו-2015"
2017-01-09,2011923,"הצעת חוק הפיקוח על שירותים פיננסיים (ביטוח) (תיקון מס' 28) (כריות ביטחון לקרנות פנסיה ותיקות), התשע""ד-2014 (מ/831)."
2017-01-09,2011927,דיווח שר הבריאות יעקב ליצמן בנושא קנביס רפואי.
2017-01-16,2012244,מצב הדיור המוגן בישראל ופיקדונות הדיירים
2017-01-16,2012252,"1. הצעת חוק הביטוח הלאומי (תיקון מס' 185) (הארכת משך הזכאות לגמלת סיעוד בתקופת אשפוז), התשע""ז-2017 (מ/1099)

2. הצעת חוק הביטוח הלאומי (תיקון – הארכת משך הזכאות לגמלת סיעוד בעת אשפוז), התשע""ה–2015 (פ/1968/20) של חברי הכנסת עמר בר-לב, מיקי רוזנטל, איתן כבל, איציק שמולי, נחמן שי, יחיאל חיליק בר, יעל גרמן, אורלי לוי אבקסיס, מאיר כהן, מנואל טרכטנברג, מיכל רוזין, קסניה סבטלובה, איתן ברושי ויואל חסון"
2017-01-24,2012667,"הצעת חוק הביטוח הלאומי (תיקון מס' 184) (זכאות למענק לידה עבור לידה בבית), התשע""ז-2016"
2017-01-24,2012735,סקירת פעילות הרשות לטיפול בניצולי שואה
2017-01-24,2012752,"1. הצעת חוק הביטוח הלאומי (תיקון מס' 178), התשע""ו-2016

2. הצעת חוק הביטוח הלאומי (תיקון – קצבת אזרח ותיק), התשע""ו-2015

3. הצעת חוק הביטוח הלאומי (תיקון - קצבת אזרח ותיק), התשע""ו-2016"
2016-12-26,2007548,"הצעת חוק מוסר תשלומים לספקים, התשע""ו-2016 (מ/1021), של חה""כ רועי פולקמן, חה""כ אלי כהן, חה""כ מירב בן ארי, חה""כ בצלאל סמוטריץ, חה""כ איתן כבל, חה""כ שלי יחימוביץ, בהשתתפות החשבת הכללית גב' מיכל עבאדי-בויאנג'ו"
2016-11-01,2007549,"הצעת חוק ההתיישבות החקלאית (סייגים לשימוש בקרקע חקלאית ובמים) (תיקון - צמצום הפעולות המוגדרות כשימוש חורג), התשע""ו-2016 (פ/2958/20), של חה""כ יצחק וקנין, יואב בן צור, רוברט אילטוב, יעקב מרגי, קארין אלהרר, חיים ילין, עמר בר-לב, ענת ברקו, שולי מועלם-רפאלי, בצלאל סמוטריץ', מנחם אליעזר מוזס, יגאל גואטה, איתן כבל – לציון יום החקלאות בכנסת"
2016-10-31,2007559,"1. הצעת חוק המכר (דירות) (תיקון מס' 9), התשע""ו-2016 (מ/1077)

2. הצעת חוק המכר (דירות) (תיקון - זכות החלפת מתחזק מעלית), התשע""ה-2015 (פ/1502/20), של חה""כ יואב קיש, יואב בן צור, יחיאל חיליק בר, איילת נחמיאס ורבין, ענת ברקו, מיכל רוזין, אורלי לוי אבקסיס, חיים ילין

3. הצעת חוק המכר (דירות) (תיקון - חובת מסירת תכניות הדירה לקונה), התשע""ו-2016 (פ/2990/20), של חה""כ אורי מקלב, משה גפני

4. הצעת חוק המכר (דירות) (תיקון - פרטי המפרט), התשע""ו-2016 (פ/2739/20), של חה""כ מיכל רוזין, איתן כבל, משה גפני, רועי פולקמן, דוד ביטן"
2016-11-01,2007560,
2016-12-06,2007561,"תקנות התעבורה (תיקון מס'...), התשע""ו-2016, בדבר רכב זעיר והתקנים לכסאות גלגלים ומערכת התראה על השארת ילדים ברכב - לציון היום הבינלאומי לזכויות אנשים עם מוגבלות"
2016-10-31,2007563,"פרסום נתונים על ענף הנדל""ן – התחלות בנייה, גמר בנייה ומחירי הדירות"
2016-11-08,2007564,"דווח שר התקשורת על דחיית התחילה של חלק מסעיפי החוק עד ליום 31 בינואר 2017 בהתאם לסעיף 57 (ג) לתיקון מס' 11 לחוק הדואר התשע""ב-2012."
2016-11-09,2007565,"תקנות התעבורה (תיקון מס'...), התשע""ו-2016 בדבר מידע תעבורתי ופרטי רישיון נהיגה לקציני בטיחות בתעבורה"
2016-11-09,2007566,"תקנות התעבורה (שינוי התוספת החמישית לפקודה), התשע""ו-2016, בדבר מידע תעבורתי ופרטי רישיון נהיגה לקציני בטיחות בתעבורה"
2016-11-07,2007568,יישום חוק נתוני אשראי
2016-11-07,2007592,"כללי חוק נתוני אשראי (הוראות שונות), התשע""ו-2016"
2016-11-07,2007593,"1. תקנות נתוני אשראי, התשע""ו-2016

2. צו נתוני אשראי (אגרות), התשע""ו-2016"
2016-11-07,2007594,"1. תקנות נתוני אשראי, התשע""ו-2016

2. צו נתוני אשראי (אגרות), התשע""ו-2016"
2016-11-01,2007598,ההשלכות על התוצרת המקומית מהורדת המכסים והפתיחה ליבוא - לציון יום החקלאות בכנסת
2016-11-07,2008112,"1. אוזלת ידו של משרד התחבורה בטיפול בכביש 89 – כביש הדמים המסכן את חייהם של מאות אלפי תושבי הגליל המערבי של חה""כ גרמן יעל

2. אוזלת ידו של משרד התחבורה בטיפול בכביש 89 – כביש הדמים המסכן את חייהם של מאות אלפי תושבי הגליל המערבי של חה""כ סעדי אוסאמה

3. אוזלת ידו של משרד התחבורה בטיפול בכביש 89 – כביש הדמים המסכן את חייהם של מאות אלפי תושבי הגליל המערבי"". של חה""כ חסון אכרם

4. ""אוזלת ידו של משרד התחבורה בטיפול בכביש 89 – כביש הדמים המסכן את חייהם של מאות אלפי תושבי הגליל המערבי"". של חה""כ עמאר חמד"
2016-11-07,2008120,תחבורה ציבורית בפריפריה
2016-11-08,2008121,"צו הגז (בטיחות ורישוי) (בטיחות ההחסנה של מכלים ומכלי מחנאות במחסן גפ""מ ובמחסן עזר) (תיקון), התשע""ו-2016"
2016-11-15,2008123,הכשרות מקצועיות לעידוד התעסוקה בהיי-טק ובתעשייה – לציון יום ההכשרה המקצועית
2016-11-14,2008126,"תקנות נתוני אשראי, התשע""ו-2016"
2016-11-15,2008697,"פרק ה' כולו (אנרגיה), מתוך הצעת חוק התכנית הכלכלית (תיקוני חקיקה ליישום המדיניות הכלכלית לשנות התקציב 2017 ו-2018), התשע""ז-2016 (מ/1083)

סעיף 6 תיקון הוראות המעבר לעניין חיבור מפעלי תעשייה לגז טבעי"
2016-11-16,2008700,"פרק ה' כולו (אנרגיה), מתוך הצעת חוק התכנית הכלכלית (תיקוני חקיקה ליישום המדיניות הכלכלית לשנות התקציב 2017 ו-2018), התשע""ז-2016 (מ/1083)

סעיפים 7-10 בעניין הגברת התחרות במשק הגפ""מ"
2016-11-17,2008701,"פרק ח' (תקשורת), מתוך הצעת חוק התכנית הכלכלית (תיקוני חקיקה ליישום המדיניות הכלכלית לשנות התקציב 2017 ו-2018), התשע""ז-2016 (מ/1083) – סעיפים 18-27 ו-28(2)-(5) בעניין הפרטת מערך הפצת השידורים הקרקעי בטכנולוגיה ספרתית (עידן +), מתן רישיון שידורים לגורם המפעיל והפצת השידורים גם באינטרנט"
2016-11-14,2008818,"1. עודפי גבייה בכביש 6 לא הגיעו לצרכנים, הצעה לדיון מהיר של חה""כ סעדי אוסאמה

2. עודפי גבייה בכביש 6 לא הגיעו לצרכנים, הצעה לדיון מהיר של חה""כ יעל גרמן"
2016-11-21,2008824,"פרק ח' כולו (תקשורת), מתוך הצעת חוק התכנית הכלכלית (תיקוני חקיקה ליישום המדיניות הכלכלית לשנות התקציב 2017 ו-2018), התשע""ז-2016 (מ/1083)

סעיפים 27-18 ו-28(2)-(5) בעניין הפרטת מערך הפצת השידורים הקרקעי בטכנולוגיה ספרתית (עידן+), מתן רישיון שידורים לגורם המפעיל והפצת השידורים גם באינטרנט"
2016-11-15,2008828,"פרק י""ד, סעיף 68 (שקיפות מחירים של מוצרי ניקיון, היגיינה ותמרוקים), מתוך הצעת חוק התכנית הכלכלית (תיקוני חקיקה ליישום המדיניות הכלכלית לשנות התקציב 2017 ו-2018), התשע""ז-2016 (מ/1083)"
2016-11-22,2008830,"פרק ח' כולו (תקשורת), מתוך הצעת חוק התכנית הכלכלית (תיקוני חקיקה ליישום המדיניות הכלכלית לשנות התקציב 2017 ו-2018), התשע""ז-2016 (מ/1083)

סעיף 28(1) בעניין קידום התחרות בשוק התקשורת הקווית

סעיף 28(7)-(12) ו-(15) וסעיף 32 – בענין פטור מהיתר בניה למתקני תקשורת"
2016-11-27,2008884,"פרק י' כולו (הסרת חסמים לביצוע מיזמי תשתית לאומית), מתוך הצעת חוק התכנית הכלכלית (תיקוני חקיקה ליישום המדיניות הכלכלית לשנות התקציב 2017 ו-2018), התשע""ז-2016 (מ/1083)"
2016-11-27,2008887,"פרק י' כולו (הסרת חסמים לביצוע מיזמי תשתית לאומית), מתוך הצעת חוק התכנית הכלכלית (תיקוני חקיקה ליישום המדיניות הכלכלית לשנות התקציב 2017 ו-2018), התשע""ז-2016 (מ/1083)"
2016-11-28,2008892,"פרק ד' כולו (שירות נסיעות שיתופיות), מתוך הצעת חוק התוכנית הכלכלית (תיקוני חקיקה ליישום המדיניות הכלכלית לשנות התקציב 2017 ו-2018), התשע""ז-2016 (מ/1083)"
2016-11-15,2008959,יישום חוק הגז שתוקן במסגרת חוק התכנית הכלכלית לשנים 2015-2016 לעניין חיבור מפעלי תעשייה לגז טבעי
2016-11-28,2009069,"פרק ח' כולו (תקשורת), מתוך הצעת חוק התכנית הכלכלית (תיקוני חקיקה ליישום המדיניות הכלכלית לשנות התקציב 2017 ו-2018), התשע""ז-2016

סעיף 28 (6), (13) ו-(14) וסעיפים 29, 30, 31 בעניין הסדרת שידורי ספורט"
2016-11-29,2009122,"1. הצעת חוק פיקוח על מחירי מצרכים ושירותים (תיקון - פיקוח על מוצרי מזון לתינוקות), התשע""ו-2016 (פ/2815/20) של חה""כ רחל עזריה, חה""כ מיקי רוזנטל, חה""כ נורית קורן, חה""כ יפעת שאשא ביטון, חה""כ חיים ילין, חה""כ אורי מקלב, חה""כ טלי פלוסקוב, חה""כ בצלאל סמוטריץ', חה""כ אילן גילאון, חה""כ רועי פולקמן, חה""כ מירב בן ארי, חה""כ דב חנין, חה""כ יעקב מרגי

2. הצעת חוק פיקוח על מחירי מצרכים ושירותים (תיקון - פיקוח על מוצרי מזון לתינוקות), התשע""ה-2015 (פ/625/20) של חה""כ דב חנין"
2016-11-29,2009171,"פרק ח' כולו (תקשורת), מתוך הצעת חוק התכנית הכלכלית (תיקוני חקיקה ליישום המדיניות הכלכלית לשנות התקציב 2017 ו-2018), התשע""ז-2016 (מ/1083)

סעיף 28 (6), (13) ו-(14) וסעיפים 29, 30, 31 בעניין הסדרת שידורי ספורט"
2016-11-22,2009172,"פרק ה' כולו (אנרגיה), מתוך הצעת חוק התכנית הכלכלית (תיקוני חקיקה ליישום המדיניות הכלכלית לשנות התקציב 2017 ו-2018), התשע""ז-2016 (מ/1083)

סעיפים 7-10 שעניינם בהגברת התחרות במשק הגפ""מ"
2016-11-30,2009181,"הסכם רב לאומי לסחר בשירותים (TISA), של חה""כ דב חנין, תמר זנדברג"
2016-11-23,2009202,"פרק ח' כולו (תקשורת), מתוך הצעת חוק התכנית הכלכלית (תיקוני חקיקה ליישום המדיניות הכלכלית לשנות התקציב 2017 ו-2018), התשע""ז-2016 (מ/1083) סעיפים 27-18 ו-28(2)-(5) בעניין הפרטת מערך הפצת השידורים הקרקעי בטכנולוגיה ספרתית (עידן פלוס), מתן רישיון שידורים לגורם המפעיל והפצת השידורים גם באינטרנט"
2016-11-24,2009340,המשבר בחברת אל-על
2016-11-24,2009345,"פרק ה' כולו (אנרגיה), מתוך הצעת חוק התכנית הכלכלית (תיקוני חקיקה ליישום המדיניות הכלכלית לשנות התקציב 2017 ו-2018), התשע""ז-2016

סעיף 6, תיקון הוראות המעבר לעניין חיבור מפעלי תעשייה לגז טבעי"
2016-11-29,2009498,"פרק ח' כולו (תקשורת), מתוך הצעת חוק התכנית הכלכלית (תיקוני חקיקה ליישום המדיניות הכלכלית לשנות התקציב 2017 ו-2018), התשע""ז-2016 (מ/1083)

סעיפים 27-18 ו-28(2)-(5) בעניין הפרטת מערך הפצת השידורים הקרקעי בטכנולוגיה ספרתית(עידן+), מתן רישיון שידורים לגורם המפעיל והפצת השידורים גם באינטרנט"
2016-12-01,2009500,"1. הצעת חוק בינוי ופינוי של אזורי שיקום (כפר שלם), התשע""ו–2015 (פ/2229/20), של חה""כ נאוה בוקר, איתן כבל, דב חנין, יעקב מרגי

2. הצעת חוק בינוי ופינוי של אזורי שיקום (כפר שלם), התשע""ו-2016 (פ/2524/20), של חה""כ נורית קורן"
2016-11-28,2009574,"פרק י""ג כולו (תקינה), מתוך הצעת חוק התכנית הכלכלית (תיקוני חקיקה ליישום המדיניות הכלכלית לשנות התקציב 2017 ו-2018), התשע""ז-2016 (מ/1083), של חה""כ רועי פולקמן, חה""כ איתן כבל, חה""כ דוד ביטן, חה""כ איילת נחמיאס ורבין, חה""כ אורי מקלב, חה""כ נורית קורן, חה""כ מירב בן ארי, חה""כ יואב בן צור, חה""כ בצלאל סמוטריץ', חה""כ מכלוף מיקי זוהר, חה""כ יוסי יונה

דיון והצבעות"
2016-11-24,2009641,"צו הגז (בטיחות ורישוי) (הארכת התקופה שבסעיף 8טו(ד)(3) לחוק) (תיקון), התשע""ז-2016"
2016-12-05,2009691,"פרק ה' כולו (אנרגיה), מתוך הצעת חוק התכנית הכלכלית (תיקוני חקיקה ליישום המדיניות הכלכלית לשנות התקציב 2017 ו-2018), התשע""ז-2016 (מ/1083).

סעיפים 7-10 שעניינם בהגברת התחרות במשק הגפ""מ"
2016-12-04,2009871,"פרק ח' כולו (תקשורת), מתוך הצעת חוק התכנית הכלכלית (תיקוני חקיקה ליישום המדיניות הכלכלית לשנות התקציב 2017 ו-2018), התשע""ז-2016 (מ/1083)

א. סעיף 28(1) בעניין קידום התחרות בשוק התקשורת הקוויתב. סעיף 28(7)-(12) ו-(15) וסעיף 32 - בעניין פטור מהיתר בניה למתקני תקשורת"
2016-12-07,2009881,"פרק ח' כולו (תקשורת), מתוך הצעת חוק התכנית הכלכלית (תיקוני חקיקה ליישום המדיניות הכלכלית לשנות התקציב 2017 ו-2018), התשע""ז-2016 (מ/1083)

סעיף 28 (6), (13) ו-(14) וסעיפים 29, 30, 31 בעניין הסדרת שידורי ספורט"
2016-12-01,2009882,"פרק י' כולו (הסרת חסמים לביצוע מיזמי תשתית לאומית), מתוך הצעת חוק התכנית הכלכלית (תיקוני חקיקה ליישום המדיניות הכלכלית לשנות התקציב 2017 ו-2018), התשע""ז-2016 (מ/1083)"
2016-12-05,2009887,"פרק י""ג כולו (תקינה), מתוך הצעת חוק התכנית הכלכלית (תיקוני חקיקה ליישום המדיניות הכלכלית לשנות התקציב 2017 ו-2018), התשע""ז-2016

של חה""כ רועי פולקמן, חה""כ איתן כבל, חה""כ דוד ביטן, חה""כ איילת נחמיאס ורבין, חה""כ אורי מקלב, חה""כ נורית קורין, חה""כ מירב בן ארי, חה""כ יואב בן צור, חה""כ בצלאל סמוטריץ', חה""כ מכלוף מיקי זוהר, חה""כ יוסי יונה – דיון והצבעות"
2016-12-07,2009898,"הצעת חוק לתיקון פקודת התעבורה (מס' 117)(קווי שירות למוניות), התשע""ז-2016 (מ/1092)"
2016-12-04,2009965,"פרק ח' כולו (תקשורת), מתוך הצעת חוק התכנית הכלכלית (תיקוני חקיקה ליישום המדיניות הכלכלית לשנות התקציב 2017 ו-2018), התשע""ז-2016 (מ/1083)

סעיפים 27-18 ו-28(2)-(5) בעניין הפרטת מערך הפצת השידורים הקרקעי בטכנולוגיה ספרתית (עידן+), מתן רישיון שידורים לגורם המפעיל והפצת השידורים גם באינטרנט"
2016-12-05,2009967,"פרק ח' כולו (תקשורת), מתוך הצעת חוק התכנית הכלכלית (תיקוני חקיקה ליישום המדיניות הכלכלית לשנות התקציב 2017 ו-2018), התשע""ז-2016 (מ/1083)

סעיף 28 (6), (13) ו-(14) וסעיפים 29, 30, 31 בעניין הסדרת שידורי ספורט"
2017-01-02,2010131,"1. הצעת חוק בינוי ופינוי של אזורי שיקום (כפר שלם), התשע""ו-2016 (פ/2524/20), של חה""כ נורית קורן

2. הצעת חוק בינוי ופינוי של אזורי שיקום (כפר שלם), התשע""ו–2015 (פ/2229/20), של חה""כ נאוה בוקר,

 איתן כבל, דב חנין, יעקב מרגי

בהשתתפות מר אביגדור יצחקי, ראש מטה הדיור"
2016-12-27,2010342,"תקנות המועצה לענף הלול (אגרת שירותים) (תיקון), התשע""ז-2016"
2016-12-20,2010364,"הצעת חוק לתיקון פקודת התעבורה (מס' 117) (קווי שירות למוניות), התשע""ז-2016 (מ/1092)"
2016-12-07,2010404,"פרק ח' כולו (תקשורת), מתוך הצעת חוק התכנית הכלכלית (תיקוני חקיקה ליישום המדיניות הכלכלית לשנות התקציב 2017 ו-2018), התשע""ז-2016

סעיפים 27-18 ו-28(2)-(5) בעניין הפרטת מערך הפצת השידורים הקרקעי בטכנולוגיה ספרתית (עידן+), מתן רישיון שידורים לגורם המפעיל והפצת השידורים גם באינטרנט

דיון בהצעת החוק"
2016-12-12,2010538,"פרק ח' כולו (תקשורת), מתוך הצעת חוק התכנית הכלכלית (תיקוני חקיקה ליישום המדיניות הכלכלית לשנות התקציב 2017 ו-2018), התשע""ז-2016 (מ/1083)

1. סעיפים 18-27 ו-28(2)-(5) בעניין הפרטת מערך הפצת השידורים הקרקעי בטכנולוגיה ספרתית (עידן +), מתן רישיון שידורים לגורם המפעיל והפצת השידורים גם באינטרנט

2. סעיף 28(6), (13) ו-(14) וסעיפים 29, 30, 31 בעניין הסדרת שידורי ספורט

3.א. סעיף 28(1) בעניין קידום התחרות בשוק התקשורת הקווית וסעיף 28(7)-(12) ו-(15) וסעיף 32 – בעניין

פטור מהיתר בניה למתקני תקשורת

ב. בקשה לדיון מחדש של חבר הכנסת איתן כבל ודיון מחדש בסעיף 5(י)(1) לחוק העיקרי בנושא השחלת כבלים על-ידי עובדי בעל תשתית

ג. בקשה לדיון מחדש של חבר הכנסת רועי פולקמן ודיון מחדש בסעיף 5(י)(4) לחוק העיקרי בנושא הגבלת הזמן להחלה רטרואקטיבית של התקנות"
2016-12-12,2010697,"פרק ח' כולו (תקשורת), מתוך הצעת חוק התכנית הכלכלית (תיקוני חקיקה ליישום המדיניות הכלכלית לשנות התקציב 2017 ו-2018), התשע""ז-2016 (מ/1083)

סעיף 25 (6), (13) ו-(14) וסעיפים 29, 30, 31 בעניין הסדרת שידורי הספורט"
2016-12-19,2010854,"תקנות המועצה לענף הלול (כללים בדבר מכסות לייצור ביצי מאכל לשיווק בשנת 2017), התשע""ז – 2016"
2017-01-04,2011103,"הצעת חוק המים (תיקון מס' 27), התשע""ו-2016"
2016-12-28,2011125,"תקנות המועצה לענף הלול (כללים בדבר מכסות לייצור ביצי מאכל לשיווק בשנת 2017), התשע""ז – 2016

בקשה לדיון מחדש מאת חה""כ איתן כבל ודיון מחדש בתקנה 5(ה) (1) ו-(2)"
2017-01-10,2011190,"1. הצעת חוק להסדרת השימוש בכרטיס חכם בתחבורה הציבורית, התשע""ו-2016 (מ/1054)

2. הצעת חוק לתיקון פקודת התעבורה (מרכז שירות ארצי לעניין כרטיס רב-קו), התשע""ה-2015 (פ/742/20), של חה""כ ישראל אייכלר"
2017-01-03,2011194,"1. הצעת חוק עבודת נשים (תיקון - זכות להיעדר מעבודה בעת שירות מילואים של בן הזוג), התשע""ו- 2016 (פ/3255/20), של חה""כ איתן כבל, רועי פולקמן, יואב קיש, דוד אמסלם, דוד ביטן, איציק שמולי, איל בן ראובן, נחמן שי, יוסי יונה, איילת נחמיאס ורבין, מיכל רוזין, רויטל סויד, יעקב פרי, יעקב אשר, עפר שלח, מאיר כהן, אורלי לוי אבקסיס, רוברט אילטוב, טלי פלוסקוב, יואל חסון, עמר בר-לב

2. הצעת חוק שירות המילואים (תיקון - זכויות עובד שבן זוגו משרת שירות מילואים בנסיבות חירום), התשע""ה-2015 (פ/1710/20), של חה""כ רועי פולקמן, מירב בן ארי, אברהם נגוסה, אורן אסף חזן, מכלוף מיקי זוהר

3. הצעת חוק שירות המילואים (תיקון - זכויות עובד שבן זוגו משרת שירות מילואים בנסיבות חירום), התשע""ז-2016 (פ/3471/20), של חה""כ איל בן ראובן, נחמן שי, נאוה בוקר, אכרם חסון, יחיאל חיליק בר, נורית קורן, עמיר פרץ

4. הצעת חוק שירות המילואים (תיקון - זכויות בת הזוג של חייל המשרת במילואים), התשע""ו-2016 (פ/3288/20), של חה""כ מרדכי יוגב, מירב בן ארי, ענת ברקו, יהודה גליק"
2017-01-09,2011195,"הצעת חוק התקשורת (תיקוני חקיקה - שידורי ספורט והפצת שידורים באינטרנט), התשע""ז-2016 (מ/1083)

דיון בעניין שיתוף תכנים בנושא ספורט (סעיפים 28(6), 28(13), 28(14) ו-29 עד 31 מהצעת חוק התכנית הכלכלית (תיקוני חקיקה ליישום המדיניות הכלכלית לשנות התקציב 2016 ו-2017), התשע""ז-2016"
2017-01-10,2011198,"הצעת חוק הגנת הצרכן (תיקון - הצבת מכשיר שקילה במכר טובין לפי משקל), התשע""ו-2016 (פ/3144/20), של חה""כ יעקב אשר, משה גפני, אורי מקלב"
2016-12-25,2011247,העלאת מחיר הגז הטבעי למפעלים
2017-01-18,2011249,"הצעת חוק איסור הפליה במוצרים, בשירותים ובכניסה למקומות בידור ולמקומות ציבוריים (תיקון מס' 4) (איסור הפליה מחמת מקום מגורים), התשע""ו-2016 (פ/2395/20)(כ/638), של חה""כ שולי מועלם-רפאלי"
2016-12-26,2011250,"הצעת חוק שידורי טלוויזיה (כתוביות ושפת סימנים) (תיקון מס' 6) (תשדיר פרסומת שאורכו אינו עולה על דקה), התשע""ו-2016 (פ/2862/20) (כ/658), של חה""כ עיסאווי פריג', איתן כבל, איילת נחמיאס ורבין, מיקי לוי, אילן גילאון, מאיר כהן ועאידה תומא סלימאן."
2017-01-02,2011255,"1. הצעה לסדר-היום בנושא: ""הקמת מפעל ההתפלה בשדות יישובי הגליל המערבי"", של חה""כ חיים ילין, אכרם חסון, יעל כהן-פארן ועבדאללה אבו מערוף

2. המיקום המוצע להקמת מפעל ההתפלה הגדול בישראל, של חה""כ איל בן ראובן"
2017-01-09,2011435,הקו המהיר של הרכבת תל אביב ירושלים
2017-01-02,2011480,"החלטת משרד התקשורת לביטול חובת ההפרדה התאגידית בקבוצת ""בזק"""
2017-01-23,2011484,"הצעת חוק מוסר תשלומים לספקים, התשע""ו-2016, (מ/1021), של חה""כ רועי פולקמן, אלי כהן, מירב בן ארי, בצלאל סמוטריץ', איתן כבל, שלי יחימוביץ

הצעת חוק הגבלת אשראי ספקים למוסדות המדינה, התשע""ו-2016 (פ/2737/20), של חה""כ רוברט אילטוב, אראל מרגלית"
2017-01-17,2011857,"1. גיבוש חזון לתחבורה ציבורית מתקדמת לישראל בשיתוף הציבור

2. פעילות הרשות הארצית לתחבורה ציבורית והקמת רשויות מטרופוליניות"
2017-01-10,2011870,"1. זריקתן של אם יחידנית עם שתי בנותיה הקטנות לרחוב מדירת דיור ציבורי, של חה""כ איציק שמולי

2. זריקתן של אם יחידנית עם שתי בנותיה הקטנות לרחוב מדירת דיור ציבורי, של חה""כ אורלי לוי אבקסיס

3. זריקתן של אם יחידנית עם שתי בנותיה הקטנות לרחוב מדירת דיור ציבורי, של חה""כ קארין אלהרר

4. זריקתן של אם יחידנית עם שתי בנותיה הקטנות לרחוב מדירת דיור ציבורי, של חה""כ אורן אסף חזן

5. זריקתן של אם יחידנית עם שתי בנותיה הקטנות לרחוב מדירת דיור ציבורי, של חה""כ אילן גילאון"
2017-01-04,2011988,"הצעת חוק המים (תיקון מס' 27), התשע""ז-2017 - רביזיה"
2017-01-10,2012050,מימוש הבטחות הממשלה והשרים בתכנית לחיזוק ופיתוח הצפון
2017-01-25,2012218,"תקנות רישוי שירותים ומקצועות בענף הרכב (פעולות ברכב המותרות שלא במוסך או במוסך נייד), התשע""ז-2016"
2017-01-17,2012383,"הצעת חוק שידורי טלוויזיה (כתוביות ושפת סימנים) (תיקון מס' 8), התשע""ז-2017 (פ/2862/20)(כ/658), של חה""כ עיסאווי פריג', איתן כבל, יוסי יונה, איילת נחמיאס ורבין, מיקי לוי, אילן גילאון, מאיר כהן, עאידה תומא סלימאן

בקשה לדיון מחדש מאת חה""כ עיסאווי פריג' ודיון מחדש בסעיף 9א בעניין ""ליווי כתוביות ושפת סימנים לתשדיר לשירות הציבור"
2016-11-08,2008172,"תקנות התכנון והבניה (ביצוע התאמות נגישות למוסד חינוך חדש), התשע""ו-2016"
2016-11-02,2007508,"צו הכללת אמצעי זיהוי ביומטריים ונתוני זיהוי ביומטריים במסמכי זיהוי ובמאגר מידע (תקופת מבחן) (תיקון), התשע""ה - 2015 (תיקון סעיפים 8ב(ב) ו- 10(ה))"
2016-11-02,2007654,ירידת מפלס ים המלח ותופעת הבולענים - דוח מבקר המדינה 59ב
2016-12-12,2007659,חיזוק בטחון הפנים בישוב מרחבים וביישובי עוטף עזה
2016-10-13,2007691,בקשת שר הפנים להיוועצות עם ועדת הפנים והגנת הסביבה בדבר דחיית הבחירות במועצה האזורית אל קסום
2016-10-27,2007693,"צו המועצות המקומיות (נוהל קבלת עובדים לעבודה) (ועדת בחינה לבחירת רב התיישבות) (תיקון), התשע""ו-2016"
2016-11-01,2007700,"שיקום תשתיות בישובים כפריים כמנוע לפיתוח והתחדשות הכפר - החלטת ממשלה מס' 2323, במסגרת יום החקלאות בכנסת"
2016-11-07,2007762,"הצעת חוק הכניסה לישראל (תיקון – אי מתן אשרה ורישיון ישיבה לקורא לחרם על ישראל), התשע""ה-2015 (פ/1906/20), של חה""כ רועי פולקמן, יפעת שאשא ביטון, ענת ברקו, יצחק וקנין, אברהם נגוסה, יעקב פרי, מאיר כהן, מנחם אליעזר מוזס, יואב בן צור, בצלאל סמוטריץ', טלי פלוסקוב, מרדכי יוגב, יעקב מרגי, אברהם דיכטר, אלי כהן, חיים ילין, דוד אמסלם, נאוה בוקר, אורי מקלב, אורן חזן, מיקי זוהר, נורית קורן"
2016-11-07,2007763,"הצעת חוק הכניסה לישראל (תיקון – רישיון לישיבת ביקור של אמן במה) התשע""ו-2015 (פ/2240/20), של חה""כ איתן ברושי, נורית קורן, מירב בן ארי ויפעת שאשא ביטון"
2016-10-31,2007764,"1. תקנות היערות (עצים שהובלתם טעונה רישיון) (הוראת שעה), התשע""ז-2016

2. תקנות היערות (רישיון כריתה לעצי הדר ועצי אבוקדו) (הוראת שעה), התשע""ז-2016"
2016-11-07,2007765,אגרות המוטלות על החקלאים המעסיקים עובדים זרים - ישיבת מעקב
2016-11-07,2008130,"תקנות למניעת מפגעים (מניעת רעש) (תיקון מס' 2), התשע""ו-2016"
2016-11-22,2008168,"הצעת חוק האזרחות (תיקון מס' 13), התשע""ו-2016 - הכנה לקריאה שנייה ושלישית"
2016-12-14,2008210,"הפחתת המפגעים הסביבתיים כתוצאה מפעילות תחנות כוח פחמיות – בהשתתפות שר התשתיות הלאומיות, האנרגיה והמים, חבר הכנסת יובל שטייניץ"
2016-11-07,2008236,"צו המועצות המקומיות (נוהל קבלת עובדים לעבודה) (ועדת בחינה לבחירת רב התיישבות) (תיקון), התשע""ו-2016"
2016-11-23,2008243,"צו בתי הסוהר (קביעת תקן כליאה), התשע""ז-2016"
2016-12-26,2008465,מפגע סביבתי חמור כתוצאה מפעילות מפחמות בשטחי הרשות הפלשתינית Aו-B
2016-11-21,2008490,"פרק ג' כולו (רשויות מקומיות), מתוך הצעת חוק התכנית הכלכלית (תיקוני חקיקה ליישום המדיניות הכלכלית לשנות התקציב 2017 ו-2018), התשע""ז-2016"
2016-11-21,2008494,"תקנות הקרינה הבלתי מייננת (תיקון), התשע""ו-2016"
2016-12-05,2008715,"1) צו הכניסה לישראל (שינוי התוספת לחוק) (הוראת שעה) (תיקון), התשע""ו-2016

2) תקנות הכניסה לישראל (אגרות בית דין לערערים) (הוראת שעה) (תיקון) התשע""ו-2016"
2017-01-02,2008733,שיטת חישוב אחידה לארנונה ברשויות המקומיות
2016-11-23,2009492,"הצעת חוק למניעת הסתננות ולהבטחת יציאתם של מסתננים מישראל (תיקוני חקיקה והוראות שעה) (תיקון), התשע""ו-2016 (מ/1065) – בקשת חברי הכנסת יואב בן צור ויעקב אשר לקיום דיון מחדש."
2016-12-04,2010027,"1. תקצוב יצירת קווי חיץ למניעת שריפות יער

2. התמודדות הרשויות עם נזקי השריפה - פיצוי האזרחים שנפגעו"
2016-12-05,2010163,"1. התמודדות הרשויות עם נזקי השריפה - פיצוי האזרחים שנפגעו

2. תקצוב יצירת קווי חיץ למניעת שריפות יער – ישיבת מעקב"
2016-12-14,2010459,"הצעת חוק למניעת הסתננות ולהבטחת יציאתם של מסתננים מישראל (תיקוני חקיקה והוראות שעה) (תיקון), התשע""ו-2016"
2017-01-02,2010664,"1. הצעת חוק להבטחת דיור חלופי לתושבי גבעת עמל, התשע""ו-2016

2. הצעת חוק להבטחת דיור חלופי לתושבי גבעת עמל, התשע""ה-2015

3. הצעת חוק להבטחת דיור חלופי לתושבי גבעת עמל, התשע""ה-2015"
2016-12-13,2010679,"פרק ז' כולו (מים וביוב), מתוך הצעת חוק התכנית הכלכלית (תיקוני חקיקה ליישום המדיניות הכלכלית לשנות התקציב 2017 ו-2018), התשע""ז-2016 - מ/1083."
2016-12-13,2010707,"הצעת ועדת הפנים והגנת הסביבה בדבר פיצול פרק ו' - (רישוי עסקים) - מתוך הצעת חוק התכנית הכלכלית (תיקוני חקיקה ליישום המדיניות הכלכלית לשנות התקציב 2017 ו-2018, התשע""ז-2016, מ/1083, סעיפים 11(1), (3), (4), (6) ו-12, הכנה לקריאה שנייה ושלישית."
2016-12-14,2010850,"פרק י""ב (שונות), סעיפים 177 ו-178 (מימון בחירות ברשויות המקומיות), מתוך הצעת חוק ההתייעלות הכלכלית (תיקוני חקיקה להשגת יעדי התקציב לשנות 2017 ו-2018), התשע""ז-2016"
2016-12-18,2010973,"פרק ז' כולו (מים וביוב), מתוך הצעת חוק התכנית הכלכלית (תיקוני חקיקה ליישום המדיניות הכלכלית לשנות התקציב 2017 ו-2018), התשע""ז-2016"
2017-01-04,2011103,"הצעת חוק המים (תיקון מס' 27), התשע""ו-2016"
2017-01-11,2011108,"הצעת חוק הכניסה לישראל (תיקון מס' 28) (הארכת רישיון לישיבת ביקור), התשע""ז–2016"
2017-01-11,2011111,"הצעת חוק הכניסה לישראל (תיקון מס' 27) (אי-מתן אשרה ורישיון ישיבה לקורא לחרם על ישראל), התשע""ז–2016"
2016-12-26,2011166,"הצעת חוק לתיקון פקודת מס הכנסה (מס' 229) (פטור ממס לרשות מקומית על הכנסה מדיבידנד או מריבית והפרשי הצמדה מאת תאגיד מים וביוב), התשע""ז-2016"
2016-12-26,2011335,"תקנות הרשות הארצית לכבאות והצלה (הנחה או פטור מתשלום אגרות) (הוראת שעה) (תיקון מס' 2), התשע""ז-2016"
2016-12-27,2011455,"צו הכללת אמצעי זיהוי ביומטריים ונתוני זיהוי ביומטריים במסמכי זיהוי ובמאגר מידע (תקופת מבחן) (תיקון מס' 2), התשע""ז-2016"
2016-12-28,2011458,"תקנות הרשות הארצית לכבאות והצלה (אגרות תשלומים בעד שירותים), התשע""ז-2016"
2017-01-17,2011564,"הצעת חוק הכללת אמצעי זיהוי ביומטריים ונתוני זיהוי ביומטריים במסמכי זיהוי ובמאגר מידע (תיקון והוראת שעה), התשע""ז-2016"
2017-01-09,2011965,"הצעת חוק הרשויות המקומיות (בחירות) (תיקון – בחירות בבתי סוהר ובבתי מעצר), התשע""ו–2015 (פ/2385/20), של חה""כ אילן גילאון וחה""כ עליזה לביא"
2017-01-04,2011988,"הצעת חוק המים (תיקון מס' 27), התשע""ז-2017 - רביזיה"
2016-11-07,2008120,תחבורה ציבורית בפריפריה
2017-01-17,2011857,"1. גיבוש חזון לתחבורה ציבורית מתקדמת לישראל בשיתוף הציבור

2. פעילות הרשות הארצית לתחבורה ציבורית והקמת רשויות מטרופוליניות"
2016-11-08,2007496,שקיפות בוועדה לחיוב אישי במשרד הפנים
2016-11-14,2007710,"שקיפות בנתוני הדיור: מספר הדירות הריקות, מצב האכיפה ותחזיות היוזמות לשיפור"
2016-10-31,2007801,שקיפות התכנית האסטרטגית לפיתוח הצפון
2017-01-02,2008979,שקיפות בחלוקת כספי העיזבונות למען המדינה
2016-12-20,2009523,"הצעה לדיון מהיר – שקיפות בתכנית לפיתוח כלכלי באוכלוסיית המיעוטים, של חה""כ עיסאווי פריג'"
2016-10-31,2007335,"הצעת חוק להגברת התחרות ולצמצום הריכוזיות בשוק הבנקאות בישראל (תיקוני חקיקה), התשע""ו-2016"
2016-11-07,2007553,"הצעת חוק להגברת התחרות ולצמצום הריכוזיות בשוק הבנקאות בישראל (תיקוני חקיקה), התשע""ו-2016"
2016-11-08,2007554,"הצעת חוק להגברת התחרות ולצמצום הריכוזיות בשוק הבנקאות בישראל (תיקוני חקיקה), התשע""ו-2016 (מ/1080) - המשך דיון בסעיפי הצעת החוק (הצבעות)."
2016-11-14,2007555,"הצעת חוק להגברת התחרות ולצמצום הריכוזיות בשוק הבנקאות בישראל (תיקוני חקיקה), התשע""ו-2016"
2016-11-21,2007557,"הצעת חוק להגברת התחרות ולצמצום הריכוזיות בשוק הבנקאות בישראל (תיקוני חקיקה), התשע""ו-2016 - דיון בסעיפי הצעת החוק"
2016-12-13,2008237,"1. תיקוני טעויות בחוק הרשות הממשלתית להתחדשות עירונית , התשע""ו – 2016, לפי סעיף 10א לפקודת סדרי השלטון והמשפט, של חה""כ אלי כהן

2. הצעת חוק התכנון והבנייה (תיקון - פיצול דירות) (הוראת שעה), התשע""ו-2016"
2016-11-09,2008604,"פרק ט' כולו (הגברת התחרות באשראי קמעונאי), מתוך הצעת חוק התכנית הכלכלית (תיקוני חקיקה ליישום המדיניות הכלכלית לשנות התקציב 2017 ו-2018), התשע""ז-2016.

הגברת התחרות באשראי קמעונאי"
2016-11-23,2009153,"פרק ט' כולו (הגברת התחרות באשראי קמעונאי), מתוך הצעת חוק התכנית הכלכלית (תיקוני חקיקה ליישום המדיניות הכלכלית לשנות התקציב 2017 ו-2018), התשע""ז-2016

הקראה ודיון בסעיפי הצעת החוק, ללא הצבעות"
2016-11-28,2009574,"פרק י""ג כולו (תקינה), מתוך הצעת חוק התכנית הכלכלית (תיקוני חקיקה ליישום המדיניות הכלכלית לשנות התקציב 2017 ו-2018), התשע""ז-2016 (מ/1083), של חה""כ רועי פולקמן, חה""כ איתן כבל, חה""כ דוד ביטן, חה""כ איילת נחמיאס ורבין, חה""כ אורי מקלב, חה""כ נורית קורן, חה""כ מירב בן ארי, חה""כ יואב בן צור, חה""כ בצלאל סמוטריץ', חה""כ מכלוף מיקי זוהר, חה""כ יוסי יונה

דיון והצבעות"
2016-11-30,2009598,"הצעת חוק להגברת התחרות ולצמצום הריכוזיות בשוק הבנקאות בישראל (תיקוני חקיקה), התשע""ו-2016 - דיון בסעיפי הצעת החוק כולל הצבעות"
2016-12-05,2009886,"פרק ט' כולו (הגברת התחרות באשראי קמעונאי), מתוך הצעת חוק התכנית הכלכלית (תיקוני חקיקה ליישום המדיניות הכלכלית לשנות התקציב 2017 ו-2018), התשע""ז-2016"
2016-12-05,2009887,"פרק י""ג כולו (תקינה), מתוך הצעת חוק התכנית הכלכלית (תיקוני חקיקה ליישום המדיניות הכלכלית לשנות התקציב 2017 ו-2018), התשע""ז-2016

של חה""כ רועי פולקמן, חה""כ איתן כבל, חה""כ דוד ביטן, חה""כ איילת נחמיאס ורבין, חה""כ אורי מקלב, חה""כ נורית קורין, חה""כ מירב בן ארי, חה""כ יואב בן צור, חה""כ בצלאל סמוטריץ', חה""כ מכלוף מיקי זוהר, חה""כ יוסי יונה – דיון והצבעות"
2016-12-07,2009929,"הצעת חוק להגברת התחרות ולצמצום הריכוזיות בשוק הבנקאות בישראל (תיקוני חקיקה), התשע""ו-2016"
2016-12-12,2010481,"הצעת חוק להגברת התחרות ולצמצום הריכוזיות בשוק הבנקאות בישראל (תיקוני חקיקה), התשע""ו- 2016 (מ/1080) – דיון בסעיפי החוק, כולל הצבעות"
2016-12-13,2010488,"הצעת חוק להגברת התחרות ולצמצום הריכוזיות בשוק הבנקאות בישראל (תיקוני חקיקה), התשע""ו-2016 – דיון בסעיפי הצעת החוק כולל הצבעות"
2016-12-14,2010851,"הצעת חוק להגברת התחרות ולצמצום הריכוזיות בשוק הבנקאות בישראל (תיקוני חקיקה), התשע""ו-2016"
2017-01-16,2011444,"יישום תיקוני החקיקה שקיבלה הוועדה באזור יהודה ושומרון - בהשתתפות סגן שר הביטחון , הרב אלי בן דהן .

הצעת חוק התכנון והבנייה (תיקון מס' 110 - הוראת שעה) (פיצול דירות), התשע""ז-2016"
2016-12-28,2011566,"הצעת חוק השידור הציבורי הישראלי (תיקון מס' 6), התשע""ז-2016."
2017-01-09,2011729,"פרק י""א (הגבלת שוק ההימורים) כולו, למעט סעיף 171(7) (העברת כספים למדינה), מתוך הצעת חוק ההתייעלות הכלכלית (תיקוני חקיקה להשגת יעדי התקציב לשנות 2017 ו-2018), התשע""ז-2016 (מ/1083)"
2017-01-18,2012196,"פרק י""א (הגבלת שוק ההימורים) כולו, למעט סעיף 171(7) (העברת כספים למדינה), מתוך הצעת חוק ההתייעלות הכלכלית (תיקוני חקיקה להשגת יעדי התקציב לשנות 2017 ו-2018), התשע""ז-2016"
2017-01-24,2012735,סקירת פעילות הרשות לטיפול בניצולי שואה
2017-01-18,2012283,חסמים לקידום טכנולוגיות להפקת חשמל לאנרגיית רוח
2016-10-31,2007504,"הצעת חוק המאבק בטרור, התשע""ה-2015 - החלק הנותר"
2016-11-01,2007506,"1. הצעת חוק הפחתת תוספות פיגור שנוספו על קנסות הנגבים בידי המרכז לגביית קנסות, אגרות והוצאות (הוראת שעה), התשע""ו-2016

2. הצעת חוק הפחתת תוספות פיגור שהתווספו על קנסות פליליים ומנהליים (הוראת שעה), התשע""ו-2016"
2016-11-01,2007507,"הצעת חוק חדלות פירעון ושיקום כלכלי, התשע""ו-2016 (מ/1207) - הכנה לקריאה שנייה ושלישית"
2016-11-02,2007508,"צו הכללת אמצעי זיהוי ביומטריים ונתוני זיהוי ביומטריים במסמכי זיהוי ובמאגר מידע (תקופת מבחן) (תיקון), התשע""ה - 2015 (תיקון סעיפים 8ב(ב) ו- 10(ה))"
2016-11-07,2007512,"תקנות מרשם האוכלוסין (תקופת תוקפן של תעודות זהות) (תיקון), התשע""ו-2016"
2016-11-08,2007513,"הצעת חוק חדלות פירעון ושיקום כלכלי, התשע""ו-2016"
2016-11-08,2007514,"צו המועצות המקומיות(עבירות קנס)(תיקון), התשע""ו-2016 - ג'סר אל זרקא."
2016-11-08,2007517,"דיון ביוזמת חה""כ מרב מיכאלי בנושא פקודת המסים (גבייה)."
2016-11-14,2007520,"1. הצעת חוק העונשין (תיקון מס' 129), התשע""ו-2016 (מ/1079)

2. הצעת חוק העונשין (תיקון – החמרת הענישה לגבי קבלת שירותי זנות מקטין) התשע""ו-2016 (פ/2548/20), של חה""כ יפעת שאשא-ביטון, רועי פולקמן, מירב בן ארי, טלי פלוסקוב, יעקב מרגי, אלי אלאלוף, יואב קיש, נורית קורן, אברהם דיכטר"
2016-11-15,2007522,"הצעת חוק הכשרות המשפטית והאפוטרופסות (תיקון מס' 19), התשע""ה-2014 - החלק הנותר (מ/890)."
2016-11-16,2007524,"1. הצעת חוק אימוץ ילדים (תיקון - ביטול איסור הפרסום לגבי פרסום שנעשה בהסכמה), התשע""ו-2016

2. הצעת חוק אימוץ ילדים (תיקון - פרסום בהסכמה), התשע""ו-2016

3. הצעת חוק אימוץ ילדים (תיקון - מחיקת המילים ""למעט איסור הפרסום""), התשע""ו-2016"
2016-11-21,2007525,"צו הגנת הפרטיות (קביעת גופים ציבוריים)(תיקון מס' 2), התשע""ו-2016"
2016-11-21,2007526,"הצעת חוק הקאדים (תיקון - כשירות מינוי קאדים ובחירתם), התשע""ו-2016"
2016-11-22,2007531,"הצעת חוק סדר הדין הפלילי (סמכות אכיפה – מעצרים) (תיקון – מעצר מפרי צו הגנה), התשע""ו-2016 (פ/2870/20), של חה""כ זהבה גלאון, חה""כ נורית קורן, חה""כ רויטל סויד, חה""כ שולי מועלם-רפאלי

הכנה לקריאה ראשונה"
2016-11-29,2007537,דיון בנושא סוגיות תקציביות הנוגעות ליישום זכויות נפגעי עבירה
2016-10-31,2007648,"ישיבת ועדה חגיגית לרגל פרישתה של עו""ד סיגל קוגוט, היועצת המשפטית של ועדת החוקה, חוק ומשפט והמשנה ליועץ המשפטי לכנסת"
2016-11-14,2008536,"הצעת חוק לתיקון פקודת הראיות (פסק דין פלילי של בית משפט צבאי כראיה בהליך אזרחי), התשע""ו-2016"
2016-11-14,2008537,"צו חתימה אלקטרונית (תיקון התוספת הראשונה לחוק), התשע""ו-2016"
2016-11-15,2008543,"תיקון טעויות בחוק הכשרות המשפטית והאפוטרופסות(תיקון מס' 18), התשע""ו-2016."
2016-11-15,2008568,"1. 70% לא עברו את בחינת לשכת עורכי הדין

2. ירידה בשיעור הנבחנים שעברו את בחינות ההסמכה של לשכת עורכי הדין

3. ירידה בשיעור הנבחנים שעברו את בחינות ההסמכה של לשכת עורכי הדין

4. ירידה בשיעור הנבחנים שעברו את בחינות ההסמכה של לשכת עורכי הדין"
2016-11-14,2008983,"הצעת חוק לתיקון פקודת הראיות (פסק דין פלילי של בית משפט צבאי כראיה בהליך אזרחי), התשע""ו-2016"
2016-12-05,2009864,"הצעת חוק סדר הדין הפלילי (חקירת חשודים) (תיקון מס' 8) (חקירת חשוד בעבירת ביטחון), התשע""ז-2016"
2016-12-06,2009865,"פרק י""ד, סעיף 72 (הוצאה לפועל), מתוך הצעת חוק התכנית הכלכלית (תיקוני חקיקה ליישום המדיניות הכלכלית לשנות התקציב 2017 ו-2018), התשע""ז-2016"
2016-12-06,2009866,"הצעת חוק חדלות פירעון ושיקום כלכלי, התשע""ו-2016"
2016-12-05,2009991,"הצעת חוק ייצוג הולם של בני האוכלוסייה החרדית ושל עולים חדשים בשירות הציבורי (תיקוני חקיקה), התשע""ו-2016"
2016-12-12,2010349,"הצעת חוק סדר הדין הפלילי (תיקון מס' 62 – הוראת שעה) (תיקון מס' 4), התשע""ז-2016"
2016-12-13,2010350,"תקנות העבירות המינהליות (קנס מינהלי - יערות)(תיקון), התשע""ו-2016"
2016-12-20,2010860,"צו ועדות חקירה (היתר עיון בחומרי ועדת חקירה), התשע""ז-2016"
2016-12-26,2011167,"1. צו המועצות המקומיות (עבירות קנס)(תיקון), התשע""ו-2016 - גן רווה

2. צו העיריות (עבירות קנס)(תיקון), התשע""ו-2016 - עיריית בת ים

3. צו סדר הדין הפלילי (ברירת משפט - חוקי עזר לגדרה), התשע""ו-2016

4. צו המועצות המקומיות (עבירות קנס)(תיקון), התשע""ו-2016- מועצה מקומית עראבה

5. צו המעוצות המקומיות (עבירות קנס)(תיקון), התשע""ו-2016 - כוכב יאיר

6. צו העיריות(עבירות קנס)(תיקון), התשע""ו-2016- עיריית תל-אביב יפו

7. צו סדר הדין הפלילי (ברירת משפט - חוקי עזר למועצה אזורית תמר), התשע""ז-2016"
2016-12-28,2011168,"הצעת חוק לתיקון פקודת המשטרה (מס' 31), התשע""ו- 2016 (מ/1056) – הכנה לקריאה שנייה ושלישית"
2016-12-28,2011170,"הצעת חוק סדר הדין הפלילי (תיקון מס' 76) (סמכות בית המשפט שלערעור), התשע""ו-2016 (מ/1069) – הכנה לקריאה שנייה ושלישית"
2016-12-27,2011172,יישום הזכות להבעת עמדה של נפגעי עבירה בהליך הפלילי
2017-01-02,2011337,החלת ריבונות במעלה אדומים - היבטים חוקיים וחוקתיים
2016-12-27,2011455,"צו הכללת אמצעי זיהוי ביומטריים ונתוני זיהוי ביומטריים במסמכי זיהוי ובמאגר מידע (תקופת מבחן) (תיקון מס' 2), התשע""ז-2016"
2017-01-04,2011562,"הצעת חוק לתיקון פקודת הראיות (מס' 19) (פסק דין פלילי של בית-משפט צבאי כראיה בהליך אזרחי), התשע""ז-2016"
2017-01-04,2011563,הצעת חוק-יסוד: הכנסת (תיקון – הנטל להוכחת תמיכה במאבק מזוין נגד מדינת ישראל)
2017-01-17,2011564,"הצעת חוק הכללת אמצעי זיהוי ביומטריים ונתוני זיהוי ביומטריים במסמכי זיהוי ובמאגר מידע (תיקון והוראת שעה), התשע""ז-2016"
2017-01-09,2011912,"הצעת חוק הבחירות לכנסת (תיקונים שונים), התשע""ז-2017 – הכנה לקריאה ראשונה."
2017-01-09,2011913,"1. תקנות איסור הלבנת הון (כללים להודעה למשטרה ופרטיה בדבר העברת מידע מן הרשות המוסמכת לפקיד מכס חוקר), התשע""ז-2016

2. תקנות איסור הלבנת הון (כללים לשימוש במידע שהועבר לפקיד מכס חוקר לשם חקירת עבירות נוספות ולהעברתו לרשות אחרת), התשע""ז-2016

3. תקנות איסור הלבנת הון (כללים לבקשת מידע והעברתו מן הרשות המוסמכת לפקיד מכס חוקר), התשע""ז-2016"
2017-01-10,2011914,"תקנות הגנת הפרטיות (אבטחת מידע), התשע""ו-2016"
2017-01-04,2011918,"הצעת חוק לתיקון פקודת הראיות (מס' 19), התשע""ז-2017 - רביזיה"
2017-01-09,2012071,הצעת חוק-יסוד: הכנסת (תיקון מס' 47) (מניעת השתתפות בבחירות בשל התבטאות מועמד).
2017-01-17,2012355,"1. מעקב אחר יישום חוק הסדר התדיינויות בסכסוכי משפחה.

2. מעקב אחר יישום חוק הסדר התדיינויות בסכסוכי משפחה"
2017-01-17,2012360,"משרד המשפטים לא פתח באף חקירה נגד איש שב""כ"
2017-01-23,2012672,"תקנות סדר הדין הפלילי (סמכויות אכיפה – נתוני תקשורת) (העברת נתונים ממאגר נתוני זיהוי לרשות חוקרת אחרת), התשע""ה-2015"
2017-01-23,2012673,"הצעת חוק העונשין (תיקון - הרחבת הגדרת בן משפחה לעניין התיישנות עבירות מין במשפחה), התשע""ו-2016"
2017-01-25,2012687,"הצעת חוק הקלה באמצעי משמעת המוטלים על בעלי מקצועות מוסדרים, התשע""ו-2016"
2016-11-08,2007467,אפליית תושבי הפריפריה בתחום הבריאות – מחסור בשירותים וברפואה מקצועית
2016-11-01,2007469,"אפליית תושבי יהודה ושומרון - היעדר שירותים, תשתיות ותחבורה ציבורית"
2016-10-31,2007807,"1. יישובי הצפון - התחייבות הממשלה לתקצוב

2. תמונת מצב הדיור, התעשייה והתעסוקה ביישובי הצפון"
2016-11-08,2007914,אי-היערכות המדינה להרחבת העיר קריית-גת – ישיבת מעקב
2016-11-14,2008727,תמונת מצב - הליך קבלת החלטות רשות מקרקעי ישראל בסוגיית קרקעות ומשאבי ציבור
2016-11-28,2009620,"אפלייה בשירותים במוסדות חינוך במגזר הדתי - ליקויים בטיחותיים ובריאותיים, צפיפות וליקויים בשרותי הסעות ברשויות מקומיות"
2016-12-12,2009845,הנגשת תחבורה ציבורית לפריפריה - תמונת מצב ודרכי הפעולה
2017-01-10,2010394,בית החולים סורוקה כבית חולים יחיד המשרת כמיליון נפש – בחינת פתרונות לצמצום הפערים בבריאות כיעד לאומי
2017-01-02,2011407,"תמונת מצב הטיפול המונע לילד ולתלמיד בפריפריה, בהשתתפות פרופ' איתמר גרוטו, ראש שירותי בריאות הציבור"
2016-11-22,2009458,"1. הצעת חוק ההסדרה, התשע""ה–2015.

2. הצעת חוק ההסדרה, התשע''ו–2016.

3. הצעת חוק להסדרת התיישבות ביהודה והשומרון, התשע""ז–2016."
2016-11-22,2009459,"1. הצעת חוק להסדרת ההתיישבות ביהודה ושומרון, התשע""ז–2016 (פ/3433/20), של חה""כ בצלאל סמוטריץ, חה""כ יואב קיש, חה""כ שולי מועלם-רפאלי, חה""כ דוד ביטן

2. הצעת חוק ההסדרה, התשע''ו-2016 (פ/3127/20), של חה""כ שולי מועלם-רפאלי, חה""כ יואב קיש, חה""כ ניסן סלומינסקי

3. הצעת חוק ההסדרה, התשע""ה-2015 (פ/1973/20), של חה""כ יואב קיש, חה""כ בצלאל סמוטריץ, חה""כ דוד ביטן, חה""כ נאוה בוקר, חה""כ ישראל אייכלר, חה""כ אלי כהן, חה""כ מכלוף מיקי זוהר, חה""כ אברהם נגוסה, חה""כ רוברט אילטוב"
2016-11-23,2009466,"1. הצעת חוק ההסדרה, התשע""ה–2015

2. הצעת חוק ההסדרה, התשע''ו- 2016

3. הצעת חוק להסדרת התיישבות ביהודה והשומרון, התשע""ז-2016"
2016-11-28,2009467,"1. הצעת חוק להסדרת התיישבות ביהודה ושומרון, התשע""ז-2016 (פ/3433/20), של חה""כ בצלאל סמוטריץ, יואב קיש, שולי מועלם-רפאלי ודוד ביטן

2. הצעת חוק ההסדרה, התשע''ו- 2016 (פ/3127/20), של חה""כ שולי מועלם-רפאלי, יואב קיש וניסן סלומינסקי

3. הצעת חוק ההסדרה, התשע""ה-2015 (פ/1973/20), של חה""כ יואב קיש, בצלאל סמוטריץ, דוד ביטן, נאוה בוקר, ישראל אייכלר, אלי כהן, מכלוף מיקי זוהר, אברהם נגוסה ורוברט אילטוב"
2016-11-29,2009847,"1. הצעת חוק ההסדרה, התשע""ה–2015

2. הצעת חוק ההסדרה, התשע''ו- 2016

3. הצעת חוק להסדרת התיישבות ביהודה והשומרון, התשע""ז-2016"
2016-11-30,2009850,"1. הצעת חוק להסדרת ההתיישבות ביהודה והשומרון, התשע""ז–2016

2. הצעת חוק ההסדרה, התשע''ו- 2016

3. הצעת חוק להסדרת התיישבות ביהודה והשומרון, התשע""ז-2016"
2016-11-30,2009949,"הצעת חוק להסדרת ההתיישבות ביהודה והשומרון, התשע""ז–2016"
2016-11-07,2004690,הכללת יוצאי אתיופיה בתוכנית החומש
2016-10-26,2007662,תלמידים אלרגיים במערכת החינוך
2016-10-26,2007664,"תלמידי החינוך המיוחד שטרם החלו את שנה""ל תשע""ז"
2016-11-02,2007743,"תקנות צער בע""ח (הגנה על בע""ח) (גידול תרנגולות מטילות והחזקתן), התשע""ו-2016"
2016-11-07,2007758,"הצגת תוכנית החומש של המל""ג - לציון פתיחת שנה""ל האקדמית תשע""ז"
2016-10-31,2007827,"הצעת חוק המכון הלאומי למצוינות בספורט (מכון וינגייט), התשע""ו-2016"
2016-11-01,2007828,"הצעת חוק הסעה בטיחותית לילדים ולפעוטות עם מוגבלות (תיקון - אישור הוועדה), התשע""ו-2015 (פ/2397/20), של חה""כ יעקב מרגי"
2016-11-01,2007878,"אי פתיחת שנה""ל האקדמית באוניברסיטה העברית בירושלים"
2016-11-09,2008069,"הצעת חוק פיקוח על בתי ספר (תיקון מס' 9) (השעיית עובד שירות), התשע""ו-2016"
2016-11-16,2008619,"הצעת חוק הרשויות המקומיות (ייעוד כספי הקצבות והגנת נכסים למטרות חינוך) (תיקון מס' 4) (חשבונות ניהול עצמי), התשע""ו-2016"
2016-11-22,2009139,"מסמוס מסקנות דו""ח ביטון כתוצאה מאי הכללת הנושא בתקציב משרד החינוך לשנים 2017-2018, של ח""כ מכלוף מיקי זוהר (מס' 4934).

מסמוס מסקנות דו""ח ביטון כתוצאה מאי הכללת הנושא בתקציב משרד החינוך לשנים 2017-2018, של ח""כ יגאל גואטה (מס' 4931).

מסמוס מסקנות דו""ח ביטון כתוצאה מאי הכללת הנושא בתקציב משרד החינוך לשנים 2017-2018, של ח""כ יואל חסון (מס' 4873)."
2016-12-06,2009862,"1. פרק י""ב, סעיפים 181 ו-182 (הפחתת שעות לימוד בקבוצות קטנות), מתוך הצעת חוק ההתייעלות הכלכלית (תיקוני חקיקה להשגת יעדי התקציב לשנות 2017 ו-2018), התשע""ז-2016

2. פרק י""ב, סעיף 180 (חוק יום חינוך ארוך ולימודי העשרה), מתוך הצעת חוק ההתייעלות הכלכלית (תיקוני חקיקה להשגת יעדי התקציב לשנות 2017 ו-2018), התשע""ז-2016"
2016-12-06,2010351,"1. פרק י""ב, סעיפים 181 ו-182 (הפחתת שעות לימוד בקבוצות קטנות), מתוך הצעת חוק ההתייעלות הכלכלית (תיקוני חקיקה להשגת יעדי התקציב לשנות 2017 ו-2018), התשע""ז-2016

2. פרק י""ב, סעיף 180 (חוק יום חינוך ארוך ולימודי העשרה), מתוך הצעת חוק ההתייעלות הכלכלית (תיקוני חקיקה להשגת יעדי התקציב לשנות 2017 ו-2018), התשע""ז-2016"
2016-12-15,2010754,שכר המורים - דיווח משרד החינוך לוועדה
2017-01-09,2011427,"תקנות הפיקוח על איכות המזון ולתזונה נכונה במוסדות החינוך, התשע""ו–2016"
2017-01-09,2011537,"הצעת חוק המכון הלאומי למצוינות בספורט (מכון וינגייט), התשע""ו-2016 (מ/1066)"
2017-01-16,2011540,הצעה לסדר-היום בנושא: רק 7% מהסטודנטים בישראל גרים במעונות.
2017-01-17,2012307,"הצעת חוק להסדר ההימורים בספורט (תיקון מס' 8), התשע""ז-2016 (מ/1094)"
2017-01-17,2012308,"הצעת חוק המכון הלאומי למצוינות בספורט (מכון וינגייט), התשע""ו-2016 (מ/1066)"
